Job Title,Salary Estimate,Job Description,Rating,Company Name,Location,Headquarters,Size,Founded,Type of ownership,Industry,Sector,Revenue,Competitors,hourly,employer_provided,min_salary,max_salary,company_txt,job_state,same_state,age,python_yn,R_yn,spark,aws,excel,avg_salary
1,1,1,1.0,1,1,1,1,1,1,1,1,1,1,2,2,1,1,1,1,2,57,1,2,2,2,1,72.0
2,2,2,2.0,2,2,2,2,2,2,2,2,2,1,2,2,2,2,2,2,2,2,1,2,2,2,2,87.5
1,3,3,24.0,3,3,3,1,3,1,3,3,3,1,2,2,3,3,3,3,2,90,1,2,2,2,1,85.0
1,4,4,1.0,4,4,4,3,4,3,4,4,4,2,2,2,4,4,4,4,2,96,1,2,2,2,2,76.5
1,5,5,15.0,5,5,5,4,5,1,5,3,5,3,2,2,5,5,5,5,2,70,1,2,2,2,1,114.5
1,6,6,2.0,6,6,6,5,6,4,6,5,6,4,2,2,6,6,6,6,2,11,1,2,2,2,1,95.0
1,7,7,17.0,7,7,2,1,7,1,7,6,5,1,2,2,7,7,7,2,2,92,2,2,2,2,1,73.5
1,8,8,1.0,8,8,7,5,8,1,8,3,7,1,2,2,5,8,8,7,2,46,1,2,2,2,1,114.0
3,9,9,6.0,9,9,8,2,9,5,2,2,4,1,2,2,8,9,9,5,2,11,2,2,2,2,2,61.0
1,10,10,7.0,10,5,5,4,10,1,9,7,3,5,2,2,9,10,10,5,2,10,1,2,2,2,2,140.0
1,11,11,8.0,11,8,9,1,11,1,10,8,6,1,2,2,110,11,11,7,2,11,1,2,2,2,2,163.5
1,12,12,17.0,12,10,10,6,12,4,11,3,6,1,2,2,11,12,12,8,2,12,2,2,2,2,2,85.0
4,13,13,9.0,13,11,11,2,13,4,12,8,8,6,2,2,12,13,13,6,2,72,2,2,2,2,2,139.0
5,14,14,17.0,14,12,7,5,14,1,5,3,5,1,2,2,13,14,14,4,2,46,1,2,2,2,1,65.5
1,15,15,10.0,15,13,12,2,15,4,13,9,8,7,2,2,14,15,15,9,2,15,1,2,2,2,2,113.5
6,16,16,11.0,16,14,13,3,16,6,14,10,5,1,2,2,100,112,16,10,2,79,2,2,2,2,1,146.0
7,17,17,12.0,17,13,14,4,11,4,13,9,9,8,2,2,16,142,17,9,2,11,2,2,2,2,1,102.0
8,18,18,13.0,18,15,15,5,11,1,15,7,5,1,2,2,76,18,18,7,2,11,1,2,2,2,1,153.5
9,19,19,14.0,19,16,9,4,3,1,15,7,5,1,2,2,89,19,19,7,2,90,2,2,2,2,2,142.5
1,20,20,15.0,20,17,16,1,17,7,16,11,4,1,2,2,11,20,20,11,2,68,1,2,2,2,1,87.5
1,21,21,9.0,21,12,7,5,14,1,9,7,5,9,2,2,19,21,21,4,2,46,1,2,2,2,2,105.5
10,22,22,12.0,22,6,15,5,18,1,17,11,5,1,2,2,88,6,22,6,2,92,2,2,2,2,1,96.0
11,23,23,1.0,23,18,17,1,16,1,18,12,5,1,2,2,5,22,23,12,2,79,1,2,2,2,1,112.5
1,24,24,13.0,24,19,18,4,19,7,18,12,10,1,2,2,2,23,24,13,2,52,1,2,2,2,1,84.0
1,25,25,15.0,25,20,19,1,14,1,15,7,3,10,2,2,82,94,25,8,2,46,1,2,2,2,2,143.0
12,26,26,15.0,26,13,5,2,20,4,13,9,8,1,2,2,2,106,26,9,2,20,1,2,2,2,1,86.5
1,27,27,8.0,27,21,20,3,21,1,7,6,3,1,2,2,22,26,27,14,2,34,1,2,2,2,1,99.5
13,28,28,10.0,28,22,21,6,22,4,16,11,11,1,2,2,23,27,28,9,2,22,2,2,2,2,1,47.5
14,24,29,15.0,26,23,5,2,20,4,13,9,8,1,2,2,2,23,26,15,2,20,2,2,2,2,1,84.0
1,3,3,24.0,3,3,3,1,3,1,3,3,3,1,2,2,3,3,3,3,2,90,1,2,2,2,1,85.0
1,4,4,1.0,4,4,4,3,4,3,4,4,4,2,2,2,4,4,4,4,2,96,1,2,2,2,2,76.5
1,29,30,11.0,29,24,22,3,23,1,6,5,4,1,2,2,103,130,29,16,2,23,1,2,2,2,2,96.0
15,5,31,1.0,30,13,23,2,24,4,13,9,8,1,2,2,5,5,30,9,2,24,1,2,2,2,2,114.5
1,30,32,1.0,31,25,24,6,24,4,19,13,2,1,2,2,107,141,31,7,2,24,1,2,2,2,1,121.0
1,31,33,16.0,32,26,25,5,25,1,13,9,5,11,2,2,67,30,32,9,2,25,1,2,2,2,1,112.5
16,32,34,14.0,33,8,26,5,7,1,20,7,5,1,2,2,116,31,33,7,2,92,1,2,2,2,1,106.0
1,33,35,8.0,34,27,27,3,26,1,21,7,6,12,2,2,28,32,34,7,2,55,1,2,2,2,2,107.0
1,34,36,16.0,35,28,28,5,3,1,1,1,3,1,2,2,14,142,35,9,2,90,1,2,2,2,1,110.0
17,35,37,8.0,36,29,29,6,27,4,13,9,6,1,2,2,91,33,36,7,2,86,1,2,2,2,1,147.5
18,36,38,8.0,37,30,30,5,28,1,16,11,3,1,2,2,30,99,37,5,2,61,1,2,2,2,1,106.0
5,37,39,14.0,38,16,9,5,7,1,20,7,1,13,2,2,11,2,38,7,2,92,1,2,2,2,1,88.0
18,38,40,11.0,39,31,31,7,29,1,22,14,12,1,2,2,56,35,39,9,2,85,2,2,2,2,1,98.5
19,19,41,14.0,19,16,9,4,3,1,15,7,5,1,2,2,89,19,19,7,2,90,2,2,2,2,2,142.5
20,39,42,2.0,40,32,32,6,30,4,23,15,2,14,2,2,105,36,40,10,2,70,2,2,2,2,2,82.5
17,40,43,13.0,41,18,26,3,31,4,6,5,2,15,2,2,89,37,41,12,2,86,1,2,2,2,1,130.0
1,41,44,17.0,42,33,33,8,29,1,15,7,5,1,2,2,93,10,42,17,2,85,2,2,2,2,1,155.0
21,42,45,10.0,43,34,34,2,32,4,20,7,8,16,2,2,34,38,43,4,2,51,1,2,2,2,1,184.5
13,43,46,18.0,44,35,35,6,33,1,15,7,2,1,2,2,88,39,44,11,2,64,2,2,2,2,1,29.5
22,44,47,16.0,45,36,36,1,34,1,1,1,3,17,2,2,4,40,45,18,2,34,2,2,2,2,2,86.5
23,45,48,10.0,46,37,37,2,35,4,24,15,8,18,2,2,2,41,46,12,2,35,2,2,2,2,2,81.0
1,46,49,1.0,47,38,38,1,2,6,5,3,5,1,2,2,56,42,47,3,2,2,1,2,2,2,1,91.0
24,5,50,6.0,48,39,39,2,36,1,16,11,8,19,2,2,5,5,48,9,2,36,1,2,2,2,2,114.5
25,47,51,7.0,49,40,40,3,37,1,1,1,3,1,2,2,108,43,49,19,2,92,1,2,2,2,1,68.0
1,48,52,10.0,50,41,41,2,38,4,17,11,8,20,2,2,5,15,50,5,2,58,1,2,2,2,1,115.0
1,49,53,10.0,51,42,42,2,39,4,1,1,8,1,2,2,3,22,51,7,2,71,2,2,2,2,1,109.5
1,50,54,8.0,36,1,29,6,27,4,13,9,6,1,2,2,4,43,36,1,2,86,1,2,2,2,1,75.5
1,51,55,17.0,52,16,43,1,14,1,15,7,5,21,2,2,9,18,52,7,2,46,1,2,2,2,1,154.5
1,52,56,16.0,53,43,44,4,40,1,20,7,5,22,2,2,52,44,53,20,2,96,1,2,2,2,2,143.5
1,7,7,17.0,7,7,2,1,7,1,7,6,5,1,2,2,7,7,7,2,2,92,2,2,2,2,1,73.5
1,6,6,2.0,6,6,6,5,6,4,6,5,6,4,2,2,6,6,6,6,2,11,1,2,2,2,1,95.0
17,33,57,19.0,54,44,45,5,41,6,25,16,5,1,2,2,28,32,54,18,2,101,1,2,2,2,2,107.0
1,53,58,13.0,55,5,5,5,11,1,8,3,10,1,2,2,38,45,55,5,2,11,1,2,2,2,2,115.0
26,54,59,1.0,56,45,46,1,42,4,26,6,1,1,2,2,55,13,56,7,2,46,2,2,2,2,2,139.5
27,55,60,1.0,57,4,4,3,4,3,4,4,4,2,2,2,117,14,57,4,2,96,2,2,2,2,2,67.0
1,56,61,1.0,58,46,47,2,43,4,27,8,11,23,2,2,41,46,58,21,2,74,1,2,2,2,2,85.0
1,57,62,20.0,59,47,48,4,42,1,13,9,9,1,2,2,77,162,59,9,2,46,1,2,2,2,1,118.0
1,58,63,16.0,60,48,49,4,44,1,21,7,7,1,2,2,65,41,60,22,2,68,1,2,2,2,1,79.5
28,59,64,18.0,61,39,39,5,34,4,5,3,3,24,2,2,108,157,61,9,2,34,1,2,2,2,2,56.5
1,60,65,9.0,62,49,50,7,29,1,28,3,13,1,2,2,72,49,62,21,2,85,1,2,2,2,2,128.5
29,61,66,15.0,63,50,46,2,39,4,21,7,5,1,2,2,102,21,63,4,2,71,2,2,2,2,2,97.5
30,62,67,19.0,64,51,51,7,30,1,15,7,5,1,2,2,105,81,64,23,2,70,1,2,2,2,2,66.5
31,63,68,11.0,65,52,52,2,45,4,29,3,8,1,2,2,46,51,65,12,2,99,1,2,2,2,1,179.5
20,64,69,21.0,66,53,53,1,46,6,11,3,1,1,2,2,111,52,66,20,2,46,2,2,2,2,1,76.0
32,65,70,12.0,67,54,54,1,3,1,20,7,3,25,2,2,67,22,67,8,2,90,1,2,2,2,2,112.0
1,66,71,18.0,68,55,55,3,47,1,30,16,6,26,2,2,30,53,68,21,2,47,1,2,2,2,2,98.0
33,67,72,15.0,63,50,46,2,39,4,21,7,5,1,2,2,79,54,63,4,2,71,2,2,2,2,2,128.0
34,68,73,13.0,18,15,15,5,11,1,15,7,5,1,2,2,49,95,18,7,2,11,1,2,2,2,1,150.5
3,69,74,22.0,69,13,14,4,6,1,13,9,10,1,2,2,50,56,69,9,2,11,2,2,2,2,2,87.5
1,34,75,6.0,70,10,10,3,48,1,1,1,6,1,2,2,14,142,70,8,2,90,1,2,2,2,1,110.0
1,70,76,19.0,71,8,56,2,16,1,20,7,4,27,2,2,5,123,71,7,2,79,1,2,2,2,1,113.5
1,71,77,12.0,72,16,9,4,40,1,2,2,9,1,2,2,90,58,72,7,2,96,1,2,2,2,2,124.0
35,72,78,16.0,73,56,57,5,23,1,5,3,7,1,2,2,52,128,73,21,2,23,2,2,2,2,1,56.5
1,73,79,23.0,74,57,58,6,49,7,1,1,6,28,2,2,53,10,74,2,2,62,1,2,2,2,1,130.0
5,74,80,13.0,75,18,26,4,7,1,21,7,10,29,2,2,54,60,75,12,2,92,2,2,2,2,1,77.5
18,75,81,15.0,76,58,59,5,37,1,8,3,1,1,2,2,65,42,76,8,2,92,1,2,2,2,1,87.0
5,76,82,19.0,77,59,60,1,43,1,29,3,3,1,2,2,55,61,77,4,2,74,2,2,2,2,1,53.5
4,13,13,9.0,13,11,11,2,13,4,12,8,8,6,2,2,12,13,13,6,2,72,2,2,2,2,2,139.0
1,8,8,1.0,8,8,7,5,8,1,8,3,7,1,2,2,5,8,8,7,2,46,1,2,2,2,1,114.0
1,77,83,14.0,78,60,61,1,7,1,15,7,3,1,2,2,11,111,78,3,2,92,1,2,2,2,1,85.5
36,78,84,23.0,79,40,36,4,24,1,20,7,7,1,2,2,56,115,79,19,2,24,2,2,2,2,1,48.0
37,79,85,8.0,80,61,62,4,34,1,15,7,5,1,2,2,23,111,80,24,2,34,2,2,2,2,1,48.0
38,80,86,8.0,81,16,9,5,50,4,13,9,3,30,2,2,57,65,81,7,2,70,2,2,2,2,1,174.0
39,12,87,12.0,82,48,26,6,12,4,31,6,6,1,2,2,11,12,82,22,2,12,1,2,2,2,2,85.0
40,81,88,16.0,83,62,63,4,44,1,20,7,10,1,2,2,49,107,83,2,2,68,2,2,2,2,2,106.5
41,82,89,14.0,84,63,49,3,51,1,20,7,3,1,2,2,105,7,84,2,2,51,2,2,2,2,1,72.5
20,83,90,2.0,85,64,64,2,24,6,20,7,8,31,2,2,54,163,85,2,2,24,2,2,2,2,2,85.5
1,84,91,9.0,86,65,65,6,32,7,32,17,6,32,2,2,103,68,86,8,2,51,1,2,2,2,1,97.5
1,85,92,12.0,67,66,54,1,3,1,20,7,3,25,2,2,30,26,67,8,2,90,1,2,2,2,1,99.0
5,86,93,18.0,87,67,39,3,52,1,16,11,2,33,2,2,117,156,87,25,2,52,2,2,2,2,1,56.5
21,87,94,17.0,88,68,66,7,53,1,20,7,5,1,2,2,100,70,88,2,2,72,1,2,2,2,2,133.0
1,88,95,1.0,89,5,5,4,14,1,11,3,5,1,2,2,71,73,89,5,2,46,1,2,2,2,2,121.0
1,89,96,16.0,90,69,67,1,54,1,3,3,5,34,2,2,41,106,90,5,2,61,1,2,2,2,2,85.5
42,90,97,13.0,91,70,5,3,30,6,33,18,5,35,2,2,102,106,91,6,2,70,1,2,2,2,2,87.5
17,91,98,14.0,92,33,68,3,19,1,8,3,5,36,2,2,60,72,92,17,2,52,1,2,2,2,1,237.5
18,92,99,12.0,93,71,69,3,23,1,20,7,3,37,2,2,56,68,93,26,2,23,1,2,2,2,2,95.5
17,93,100,6.0,94,72,22,2,55,4,34,15,11,1,2,2,3,35,94,16,2,55,1,2,2,2,1,104.5
43,59,101,16.0,95,73,70,5,14,1,21,7,5,38,2,2,108,157,95,10,2,46,2,2,2,2,1,56.5
44,94,102,13.0,96,74,71,5,3,1,15,7,7,1,2,2,55,73,96,27,2,90,2,2,2,2,1,55.0
3,95,103,15.0,97,75,35,3,56,5,2,2,5,39,2,2,8,14,97,28,2,74,2,2,2,2,1,61.5
1,96,104,23.0,98,16,9,5,42,1,21,7,3,40,2,2,61,117,98,7,2,46,2,2,2,2,2,157.0
18,97,105,2.0,99,76,72,5,57,1,9,7,5,41,2,2,7,52,99,10,2,57,1,2,2,2,2,78.0
1,15,15,10.0,15,13,12,2,15,4,13,9,8,7,2,2,14,15,15,9,2,15,1,2,2,2,2,113.5
1,10,10,7.0,10,5,5,4,10,1,9,7,3,5,2,2,9,10,10,5,2,10,1,2,2,2,2,140.0
1,98,106,9.0,100,16,9,4,30,1,15,7,5,1,2,2,100,75,100,7,2,70,2,2,2,2,1,132.5
18,99,107,15.0,101,16,73,6,58,4,21,7,2,1,2,2,94,30,101,7,2,58,1,2,2,2,2,108.0
45,100,108,7.0,102,77,74,1,59,1,35,19,1,1,2,2,65,76,102,23,2,84,2,2,2,2,2,80.5
1,101,109,20.0,103,78,75,5,6,1,2,2,5,1,2,2,28,135,103,2,2,11,1,2,2,2,2,107.5
18,102,110,16.0,104,79,76,4,24,1,8,3,7,42,2,2,102,90,104,29,2,24,2,2,2,2,2,95.0
46,103,111,24.0,105,80,77,3,23,7,2,2,5,43,2,2,63,162,105,7,2,23,1,2,2,2,2,119.5
47,104,112,9.0,106,71,78,3,6,1,5,3,6,44,2,2,64,158,106,26,2,11,2,2,2,2,2,134.0
1,105,113,19.0,107,13,14,5,34,1,15,7,5,1,2,2,116,26,107,9,2,34,1,2,2,2,1,100.5
1,106,114,8.0,108,44,45,3,60,4,36,10,4,1,2,2,3,31,108,18,2,60,1,2,2,2,2,107.5
18,107,115,15.0,109,33,68,4,30,1,9,7,5,1,2,2,67,93,109,17,2,70,1,2,2,2,2,122.0
18,108,116,13.0,41,18,26,3,31,4,6,5,2,15,2,2,3,23,41,12,2,86,1,2,2,2,1,92.5
5,109,117,25.0,110,7,2,1,33,1,11,3,3,1,2,2,65,81,110,2,2,64,2,2,2,2,1,62.0
48,110,118,15.0,111,81,79,4,6,8,37,3,7,1,2,2,91,81,111,19,2,11,2,2,2,2,2,39.5
1,101,119,11.0,112,82,80,3,61,1,24,15,3,1,2,2,28,135,112,30,2,61,2,2,2,2,1,107.5
49,111,120,1.0,113,83,81,1,48,1,28,3,5,1,2,2,67,95,113,20,2,90,1,2,2,2,1,40.5
50,112,121,10.0,43,84,34,2,32,4,20,7,8,16,2,2,41,56,43,8,2,51,1,2,2,2,2,89.5
1,113,122,19.0,114,18,26,5,7,1,8,3,1,1,2,2,65,52,114,12,2,92,1,2,2,2,1,81.0
17,114,123,15.0,25,20,19,1,14,1,15,7,3,10,2,2,68,83,25,8,2,46,1,2,2,2,2,147.0
1,12,124,9.0,115,85,82,3,32,1,38,6,3,45,2,2,11,12,115,6,2,51,1,2,2,2,1,85.0
51,115,125,15.0,116,86,83,3,62,1,23,15,6,46,2,2,90,2,116,7,2,62,2,2,2,2,1,81.5
52,116,126,1.0,117,87,73,3,23,4,13,9,4,47,2,2,98,84,117,7,2,23,2,2,2,2,1,168.0
53,117,127,13.0,118,88,84,7,53,1,1,1,5,1,2,2,103,35,118,11,2,72,1,2,2,2,1,100.5
54,118,128,2.0,119,5,85,3,63,1,8,3,3,48,2,2,6,68,119,5,2,63,1,2,2,2,1,97.0
1,12,12,17.0,12,10,10,6,12,4,11,3,6,1,2,2,11,12,12,8,2,12,2,2,2,2,2,85.0
8,18,18,13.0,18,15,15,5,11,1,15,7,5,1,2,2,76,18,18,7,2,11,1,2,2,2,1,153.5
18,119,129,17.0,120,89,54,4,48,1,20,7,5,1,2,2,9,85,120,3,2,90,2,2,2,2,2,132.5
18,120,130,13.0,75,18,26,4,7,1,21,7,10,29,2,2,3,130,75,12,2,92,2,2,2,2,1,100.0
55,121,131,10.0,121,17,16,5,11,1,39,20,5,1,2,2,3,21,121,11,2,11,1,2,2,2,2,105.0
56,122,132,14.0,122,90,86,2,29,7,40,21,5,1,2,2,71,150,122,31,2,85,2,2,2,2,1,87.0
57,123,133,13.0,123,16,9,4,18,1,6,5,5,49,2,2,6,159,123,7,2,92,2,2,2,2,1,103.5
58,124,134,26.0,124,55,87,1,2,9,41,18,5,1,2,2,19,144,124,21,2,2,1,2,2,2,1,124.0
59,55,135,1.0,4,4,4,3,4,3,4,4,4,2,2,2,117,14,4,4,2,96,1,2,2,2,2,67.0
18,75,136,12.0,125,33,7,2,6,1,20,7,2,50,2,2,65,42,125,17,2,11,2,2,2,2,2,87.0
60,125,73,13.0,18,18,15,5,11,1,15,7,5,1,2,2,6,152,18,12,2,11,1,2,2,2,1,137.5
21,126,137,1.0,126,44,45,5,64,1,5,3,3,51,2,2,22,90,126,18,2,64,1,2,2,2,1,100.0
61,127,138,1.0,127,91,88,6,65,7,16,11,11,1,2,2,116,159,127,32,2,65,2,2,2,2,1,106.5
62,128,139,1.0,4,4,4,3,4,3,4,4,4,2,2,2,30,68,4,4,2,96,2,2,2,2,2,98.5
44,129,140,24.0,3,3,3,1,3,1,3,3,3,1,2,2,72,90,3,3,2,90,1,2,2,2,1,61.0
63,130,141,19.0,128,51,89,4,7,1,8,3,5,1,2,2,102,162,128,23,2,92,1,2,2,2,2,106.5
18,131,142,12.0,129,13,14,4,8,1,9,7,5,1,2,2,71,106,129,9,2,46,1,2,2,2,2,84.5
64,132,143,2.0,130,92,90,3,66,4,23,15,2,1,2,2,67,107,130,10,2,97,1,2,2,2,1,109.5
21,133,144,11.0,131,39,91,6,67,1,16,11,8,1,2,2,73,152,131,9,2,67,1,2,2,2,2,164.0
65,134,145,12.0,132,93,92,2,68,6,13,9,8,1,2,2,74,91,132,7,2,68,1,2,2,2,1,169.0
17,135,146,1.0,31,94,24,6,24,4,19,13,2,1,2,2,89,109,31,7,2,24,1,2,2,2,1,142.0
66,136,147,10.0,15,39,12,2,15,4,13,9,8,7,2,2,105,76,15,9,2,15,2,2,2,2,1,76.5
67,137,148,1.0,133,95,93,1,69,1,16,11,4,1,2,2,19,135,133,2,2,71,1,2,2,2,1,107.0
68,138,149,8.0,134,8,20,2,70,4,21,7,8,52,2,2,75,38,134,7,2,70,1,2,2,2,2,171.5
10,22,22,12.0,22,6,15,5,18,1,17,11,5,1,2,2,88,6,22,6,2,92,2,2,2,2,1,96.0
9,19,19,14.0,19,16,9,4,3,1,15,7,5,1,2,2,89,19,19,7,2,90,2,2,2,2,2,142.5
69,139,150,14.0,122,90,86,2,29,7,40,21,5,1,2,2,30,30,122,31,2,85,2,2,2,2,1,107.0
70,140,151,8.0,135,31,94,3,3,1,13,9,6,53,2,2,53,112,135,9,2,90,1,2,2,2,1,145.0
44,141,152,15.0,136,20,10,5,31,7,41,18,7,54,2,2,65,93,136,8,2,86,1,2,2,2,1,61.5
71,142,153,11.0,137,96,95,6,48,7,2,2,5,1,2,2,76,94,137,21,2,90,2,2,2,2,2,20.5
72,143,154,21.0,138,97,96,4,71,3,42,6,1,1,2,2,63,141,138,25,2,71,1,2,2,2,2,120.0
73,144,155,19.0,139,13,14,5,18,4,13,9,3,1,2,2,77,95,139,9,2,92,2,2,2,2,2,62.0
17,145,156,15.0,101,16,73,6,58,4,21,7,2,1,2,2,96,133,101,7,2,58,1,2,2,2,2,150.5
74,146,157,13.0,140,98,22,5,72,1,5,3,5,1,2,2,71,163,140,16,2,72,2,2,2,2,1,87.5
18,147,158,14.0,141,99,97,4,42,4,5,3,7,55,2,2,79,43,141,3,2,46,1,2,2,2,1,71.5
75,148,159,11.0,142,100,73,4,42,6,12,8,3,1,2,2,56,157,142,7,2,46,2,2,2,2,1,51.5
76,149,160,10.0,15,42,12,2,15,4,13,9,8,7,2,2,80,97,15,7,2,15,2,2,2,2,1,151.5
44,74,161,20.0,143,101,98,5,9,1,20,7,5,1,2,2,54,60,143,10,2,11,1,2,2,2,1,77.5
77,150,162,10.0,15,39,12,2,15,4,13,9,8,7,2,2,81,83,15,9,2,15,2,2,2,2,1,140.0
17,151,163,6.0,144,102,39,3,58,1,16,11,10,56,2,2,88,26,144,10,2,58,2,2,2,2,1,98.5
78,152,164,27.0,145,16,99,4,48,1,20,7,13,1,2,2,60,132,145,7,2,90,1,2,2,2,1,225.0
79,153,165,11.0,146,103,100,3,19,7,2,2,3,1,2,2,82,99,146,33,2,52,2,2,2,2,2,27.5
80,154,166,10.0,15,39,12,2,15,4,13,9,8,7,2,2,57,100,15,9,2,15,2,2,2,2,2,161.5
81,155,167,2.0,147,5,101,3,43,4,16,11,6,1,2,2,52,101,147,5,2,74,1,2,2,2,2,147.0
82,129,168,17.0,148,104,102,1,73,1,4,4,6,1,2,2,72,90,148,20,2,84,2,2,2,2,1,61.0
83,156,169,26.0,124,55,87,1,2,9,41,18,5,1,2,2,19,93,124,21,2,2,1,2,2,2,2,120.0
84,157,170,9.0,149,74,103,3,7,4,43,6,4,57,2,2,14,102,149,27,2,92,1,2,2,2,1,124.5
17,158,171,12.0,150,105,104,4,10,1,31,6,1,1,2,2,83,83,150,7,2,10,1,2,2,2,2,148.0
85,159,172,16.0,151,40,59,4,24,1,1,1,7,58,2,2,77,128,151,19,2,24,1,2,2,2,1,59.0
86,160,173,10.0,28,22,21,6,22,4,16,11,11,1,2,2,83,110,28,9,2,22,1,2,2,2,1,146.5
87,161,174,15.0,152,106,105,5,29,4,13,9,5,1,2,2,65,68,152,9,2,85,2,2,2,2,1,91.5
88,162,175,24.0,153,18,26,1,30,1,13,9,5,1,2,2,53,102,153,12,2,70,1,2,2,2,2,133.0
89,163,176,16.0,154,107,86,4,18,1,13,9,9,1,2,2,84,158,154,31,2,92,1,2,2,2,2,140.5
18,164,177,10.0,155,108,16,1,29,1,21,7,5,1,2,2,79,7,155,24,2,85,2,2,2,2,1,70.5
90,165,178,6.0,9,9,8,2,9,5,2,2,4,1,2,2,7,150,9,5,2,11,2,2,2,2,2,84.5
91,166,179,15.0,156,109,106,4,37,1,21,7,13,1,2,2,65,161,156,2,2,92,2,2,2,2,1,93.5
92,167,180,19.0,139,13,14,5,18,4,13,9,3,1,2,2,85,110,139,9,2,92,2,2,2,2,2,134.5
93,168,181,12.0,157,16,9,5,53,1,9,7,10,59,2,2,86,105,157,7,2,72,1,2,2,2,2,181.0
94,165,182,6.0,9,9,8,2,9,5,2,2,4,1,2,2,7,150,9,5,2,11,2,2,2,2,2,84.5
95,169,183,17.0,158,15,15,4,3,1,9,7,1,60,2,2,106,51,158,7,2,90,1,2,2,2,2,205.0
96,170,184,11.0,159,110,107,3,33,1,44,22,3,1,2,2,88,111,159,7,2,64,2,2,2,2,1,48.5
97,171,185,15.0,160,111,108,3,56,5,2,2,1,1,2,2,89,106,160,6,2,74,2,2,2,2,2,21.5
98,172,186,28.0,161,112,109,1,29,1,45,15,3,1,2,2,55,107,161,12,2,85,2,2,2,2,2,52.5
99,124,187,26.0,124,55,87,1,2,9,41,18,5,1,2,2,19,144,124,21,2,2,2,2,2,2,2,124.0
100,173,188,8.0,162,113,110,1,24,7,2,2,4,1,2,2,77,150,162,7,2,24,2,2,2,2,2,64.0
101,174,189,24.0,163,114,111,2,32,1,46,8,8,61,2,2,90,161,163,32,2,51,1,2,2,2,2,98.0
102,153,190,11.0,146,115,100,3,19,7,2,2,3,1,2,2,82,99,146,33,2,52,2,2,2,2,2,27.5
103,175,191,6.0,164,67,112,1,74,1,45,15,5,1,2,2,117,61,164,25,2,74,2,2,2,2,2,54.0
104,176,192,21.0,165,78,75,5,73,1,13,9,7,1,2,2,117,36,165,2,2,84,2,2,2,2,1,81.0
105,177,193,2.0,166,18,26,3,8,4,47,12,2,62,2,2,22,30,166,12,2,46,2,2,2,2,2,107.5
11,23,23,1.0,23,18,17,1,16,1,18,12,5,1,2,2,5,22,23,12,2,79,1,2,2,2,1,112.5
1,178,194,10.0,167,20,113,2,16,4,1,1,8,63,2,2,91,2,167,8,2,79,1,2,2,2,1,89.0
106,179,195,24.0,168,116,114,3,35,1,16,11,6,1,2,2,94,90,168,25,2,35,2,2,2,2,2,100.5
107,180,196,1.0,169,5,5,3,37,1,39,20,2,64,2,2,72,150,169,5,2,92,2,2,2,2,1,65.0
108,181,197,2.0,170,61,68,2,75,3,32,17,5,1,2,2,100,106,170,24,2,75,2,2,2,2,2,20.0
1,182,198,13.0,171,6,6,5,34,6,8,3,5,1,2,2,1,109,171,6,2,34,1,2,2,2,1,72.5
44,129,140,24.0,3,3,3,1,3,1,3,3,3,1,2,2,72,90,3,3,2,90,1,2,2,2,1,61.0
64,132,143,2.0,130,92,90,3,66,4,23,15,2,1,2,2,67,107,130,10,2,97,1,2,2,2,1,109.5
18,131,142,12.0,129,13,14,4,8,1,9,7,5,1,2,2,71,106,129,9,2,46,1,2,2,2,2,84.5
1,20,199,2.0,172,18,26,4,54,1,5,3,10,1,2,2,11,20,172,12,2,61,2,2,2,2,2,87.5
5,183,200,18.0,173,117,115,3,23,4,48,10,8,65,2,2,102,130,173,7,2,23,1,2,2,2,1,92.5
109,184,201,9.0,86,65,65,6,32,7,32,17,6,32,2,2,65,110,86,8,2,51,1,2,2,2,2,81.5
110,185,202,13.0,174,118,116,3,69,1,49,12,5,66,2,2,1,23,174,18,2,71,2,2,2,2,2,79.0
21,133,144,11.0,131,39,91,6,67,1,16,11,8,1,2,2,73,152,131,9,2,67,1,2,2,2,2,164.0
65,134,145,12.0,132,93,92,2,68,6,13,9,8,1,2,2,74,91,132,7,2,68,1,2,2,2,1,169.0
17,135,146,1.0,31,94,24,6,24,4,19,13,2,1,2,2,89,109,31,7,2,24,1,2,2,2,1,142.0
5,186,203,20.0,175,119,117,1,29,7,50,21,1,1,2,2,93,111,175,7,2,85,2,2,2,2,1,47.5
66,136,147,10.0,15,39,12,2,15,4,13,9,8,7,2,2,105,76,15,9,2,15,2,2,2,2,1,76.5
5,187,204,2.0,176,16,9,4,18,1,15,7,5,1,2,2,79,3,176,7,2,92,1,2,2,2,1,69.0
5,188,205,15.0,177,120,118,5,2,1,21,7,1,1,2,2,23,111,177,34,2,2,1,2,2,2,1,49.0
68,138,149,8.0,134,8,20,2,70,4,21,7,8,52,2,2,75,38,134,7,2,70,1,2,2,2,2,171.5
67,137,148,1.0,133,95,93,1,69,1,16,11,4,1,2,2,19,135,133,2,2,71,1,2,2,2,1,107.0
111,159,206,10.0,178,121,119,5,24,1,15,7,5,1,2,2,77,128,178,10,2,24,2,2,2,2,1,59.0
1,189,207,8.0,179,51,59,5,57,1,20,7,7,1,2,2,91,20,179,23,2,57,2,2,2,2,2,88.5
69,139,150,14.0,122,90,86,2,29,7,40,21,5,1,2,2,30,30,122,31,2,85,2,2,2,2,1,107.0
12,26,26,15.0,26,13,5,2,20,4,13,9,8,1,2,2,2,106,26,9,2,20,1,2,2,2,1,86.5
1,24,24,13.0,24,19,18,4,19,7,18,12,10,1,2,2,2,23,24,13,2,52,1,2,2,2,1,84.0
112,190,208,16.0,180,5,45,5,54,1,8,3,1,1,2,2,63,99,180,5,2,61,1,2,2,2,1,114.5
70,140,151,8.0,135,31,94,3,3,1,13,9,6,53,2,2,53,112,135,9,2,90,1,2,2,2,1,145.0
18,191,209,19.0,181,122,9,3,42,4,9,7,3,67,2,2,94,42,181,32,2,46,1,2,2,2,1,88.0
113,192,210,17.0,182,18,26,1,52,1,9,7,3,68,2,2,6,35,182,12,2,52,1,2,2,2,2,100.0
44,141,152,15.0,136,20,10,5,31,7,41,18,7,54,2,2,65,93,136,8,2,86,1,2,2,2,1,61.5
1,193,211,29.0,183,123,54,3,34,4,5,3,6,69,2,2,30,6,183,14,2,34,1,2,2,2,2,96.5
114,194,212,14.0,184,79,26,5,54,1,8,3,5,70,2,2,54,4,184,29,2,61,1,2,2,2,1,76.0
1,195,213,12.0,185,124,120,3,61,1,11,3,3,1,2,2,100,112,185,5,2,61,2,2,2,2,1,15.5
1,196,214,13.0,186,125,121,7,3,1,5,3,5,1,2,2,41,12,186,6,2,90,1,2,2,2,1,83.5
72,143,154,21.0,138,97,96,4,71,3,42,6,1,1,2,2,63,141,138,25,2,71,1,2,2,2,2,120.0
1,197,215,12.0,132,93,92,2,68,6,13,9,8,1,2,2,95,113,132,7,2,68,2,2,2,2,1,163.0
115,198,216,2.0,187,126,122,1,39,7,16,11,5,71,2,2,30,114,187,35,2,71,2,2,2,2,2,100.0
3,199,217,1.0,188,75,35,3,76,7,50,21,5,72,2,2,93,157,188,28,2,76,2,2,2,2,1,52.5
71,142,153,11.0,137,96,95,6,48,7,2,2,5,1,2,2,76,94,137,21,2,90,2,2,2,2,2,20.5
116,200,218,6.0,189,33,68,1,77,7,2,2,5,1,2,2,52,115,189,17,2,77,2,2,2,2,1,50.0
117,201,219,2.0,190,125,33,5,42,1,8,3,1,1,2,2,16,6,190,6,2,46,1,2,2,2,2,93.0
1,202,220,24.0,191,44,123,3,78,1,17,11,2,1,2,2,103,40,191,18,2,78,1,2,2,2,2,94.5
17,145,156,15.0,101,16,73,6,58,4,21,7,2,1,2,2,96,133,101,7,2,58,1,2,2,2,2,150.5
1,203,221,10.0,192,127,69,3,79,4,16,11,11,73,2,2,96,114,192,26,2,79,1,2,2,2,1,102.0
73,144,155,19.0,139,13,14,5,18,4,13,9,3,1,2,2,77,95,139,9,2,92,2,2,2,2,2,62.0
74,146,157,13.0,140,98,22,5,72,1,5,3,5,1,2,2,71,163,140,16,2,72,2,2,2,2,1,87.5
14,24,29,15.0,26,23,5,2,20,4,13,9,8,1,2,2,2,23,26,15,2,20,2,2,2,2,1,84.0
1,25,25,15.0,25,20,19,1,14,1,15,7,3,10,2,2,82,94,25,8,2,46,1,2,2,2,2,143.0
118,204,222,9.0,62,128,50,7,29,1,28,3,13,1,2,2,96,116,62,21,2,85,1,2,2,2,1,155.0
18,147,158,14.0,141,99,97,4,42,4,5,3,7,55,2,2,79,43,141,3,2,46,1,2,2,2,1,71.5
1,205,223,12.0,193,129,124,4,6,1,16,11,10,1,2,2,14,135,193,7,2,11,1,2,2,2,2,108.0
76,149,160,10.0,15,42,12,2,15,4,13,9,8,7,2,2,80,97,15,7,2,15,2,2,2,2,1,151.5
75,148,159,11.0,142,100,73,4,42,6,12,8,3,1,2,2,56,157,142,7,2,46,2,2,2,2,1,51.5
77,150,162,10.0,15,39,12,2,15,4,13,9,8,7,2,2,81,83,15,9,2,15,2,2,2,2,1,140.0
44,74,161,20.0,143,101,98,5,9,1,20,7,5,1,2,2,54,60,143,10,2,11,1,2,2,2,1,77.5
119,206,224,14.0,194,130,125,1,79,1,42,6,1,1,2,2,102,95,194,34,2,79,2,2,2,2,1,63.5
1,207,225,15.0,195,16,51,7,29,1,20,7,12,1,2,2,14,31,195,7,2,85,1,2,2,2,2,109.0
1,208,226,8.0,196,131,126,6,80,4,1,1,4,1,2,2,98,53,196,32,2,80,1,2,2,2,2,96.0
78,152,164,27.0,145,16,99,4,48,1,20,7,13,1,2,2,60,132,145,7,2,90,1,2,2,2,1,225.0
18,209,227,9.0,149,132,103,3,7,4,43,6,4,57,2,2,98,32,149,7,2,92,1,2,2,2,1,101.0
17,151,163,6.0,144,102,39,3,58,1,16,11,10,56,2,2,88,26,144,10,2,58,2,2,2,2,1,98.5
120,210,228,12.0,197,133,127,3,43,1,24,15,6,74,2,2,7,76,197,36,2,74,2,2,2,2,1,77.5
80,154,166,10.0,15,39,12,2,15,4,13,9,8,7,2,2,57,100,15,9,2,15,2,2,2,2,2,161.5
79,153,165,11.0,146,103,100,3,19,7,2,2,3,1,2,2,82,99,146,33,2,52,2,2,2,2,2,27.5
81,155,167,2.0,147,5,101,3,43,4,16,11,6,1,2,2,52,101,147,5,2,74,1,2,2,2,2,147.0
1,211,229,8.0,198,134,128,2,23,4,20,7,5,75,2,2,56,2,198,7,2,23,1,2,2,2,1,90.0
121,212,230,13.0,199,135,129,1,81,4,7,6,11,1,2,2,77,117,199,10,2,81,2,2,2,2,2,58.0
82,129,168,17.0,148,104,102,1,73,1,4,4,6,1,2,2,72,90,148,20,2,84,2,2,2,2,1,61.0
83,156,169,26.0,124,55,87,1,2,9,41,18,5,1,2,2,19,93,124,21,2,2,1,2,2,2,2,120.0
1,213,231,11.0,200,5,5,3,82,4,51,8,4,1,2,2,64,49,200,5,2,82,1,2,2,2,2,128.0
1,27,27,8.0,27,21,20,3,21,1,7,6,3,1,2,2,22,26,27,14,2,34,1,2,2,2,1,99.5
1,29,30,11.0,29,24,22,3,23,1,6,5,4,1,2,2,103,130,29,16,2,23,1,2,2,2,2,96.0
1,214,232,25.0,201,33,68,5,44,4,13,9,3,1,2,2,94,114,201,17,2,68,1,2,2,2,1,101.0
17,158,171,12.0,150,105,104,4,10,1,31,6,1,1,2,2,83,83,150,7,2,10,1,2,2,2,2,148.0
122,215,233,15.0,25,66,19,1,14,1,15,7,3,10,2,2,84,44,25,8,2,46,1,2,2,2,2,142.0
17,216,234,17.0,202,45,46,7,53,1,52,18,5,1,2,2,99,118,202,7,2,72,2,2,2,2,1,169.0
84,157,170,9.0,149,74,103,3,7,4,43,6,4,57,2,2,14,102,149,27,2,92,1,2,2,2,1,124.5
85,159,172,16.0,151,40,59,4,24,1,1,1,7,58,2,2,77,128,151,19,2,24,1,2,2,2,1,59.0
123,217,235,14.0,203,42,130,4,64,1,8,3,10,1,2,2,52,61,203,7,2,64,1,2,2,2,2,52.5
18,218,236,7.0,204,70,54,1,58,1,20,7,1,1,2,2,105,41,204,6,2,58,2,2,2,2,2,75.5
17,219,237,10.0,50,41,41,2,38,4,17,11,8,20,2,2,80,158,50,5,2,58,1,2,2,2,1,139.0
124,220,238,10.0,15,13,12,2,15,4,13,9,8,7,2,2,6,107,15,9,2,15,1,2,2,2,1,102.5
125,221,239,19.0,205,136,131,5,83,1,37,3,7,76,2,2,55,95,205,37,2,83,2,2,2,2,2,60.5
86,160,173,10.0,28,22,21,6,22,4,16,11,11,1,2,2,83,110,28,9,2,22,1,2,2,2,1,146.5
126,222,240,12.0,132,93,92,2,68,6,13,9,8,1,2,2,77,119,132,7,2,68,2,2,2,2,1,125.0
127,113,241,11.0,131,137,91,6,67,1,16,11,8,1,2,2,65,52,131,9,2,67,1,2,2,2,2,81.0
88,162,175,24.0,153,18,26,1,30,1,13,9,5,1,2,2,53,102,153,12,2,70,1,2,2,2,2,133.0
128,223,242,2.0,85,33,64,2,24,6,20,7,8,31,2,2,54,41,85,17,2,24,2,2,2,2,1,77.0
18,224,243,17.0,12,20,10,6,12,4,11,3,6,1,2,2,16,40,12,8,2,12,2,2,2,2,2,92.0
129,225,244,1.0,30,13,23,2,24,4,13,9,8,1,2,2,100,37,30,9,2,24,2,2,2,2,2,121.0
130,226,245,15.0,101,16,73,6,58,4,21,7,2,1,2,2,96,120,101,7,2,58,1,2,2,2,1,162.5
131,227,246,12.0,206,138,132,3,84,7,11,3,4,77,2,2,8,95,206,6,2,84,2,2,2,2,2,60.0
132,228,247,27.0,207,16,9,5,29,7,22,14,5,1,2,2,67,3,207,7,2,85,1,2,2,2,1,87.5
133,229,248,19.0,64,51,51,7,30,1,15,7,5,1,2,2,94,6,64,23,2,70,1,2,2,2,2,90.5
15,5,31,1.0,30,13,23,2,24,4,13,9,8,1,2,2,5,5,30,9,2,24,1,2,2,2,2,114.5
1,30,32,1.0,31,25,24,6,24,4,19,13,2,1,2,2,107,141,31,7,2,24,1,2,2,2,1,121.0
17,230,249,30.0,208,6,16,1,31,6,5,3,1,78,2,2,38,159,208,6,2,86,2,2,2,2,2,110.0
87,161,174,15.0,152,106,105,5,29,4,13,9,5,1,2,2,65,68,152,9,2,85,2,2,2,2,1,91.5
134,231,250,17.0,12,139,10,6,12,4,11,3,6,1,2,2,105,152,12,8,2,12,2,2,2,2,2,70.5
18,164,177,10.0,155,108,16,1,29,1,21,7,5,1,2,2,79,7,155,24,2,85,2,2,2,2,1,70.5
135,4,251,1.0,4,4,4,3,4,3,4,4,4,2,2,2,4,4,4,4,2,96,1,2,2,2,2,76.5
18,232,252,11.0,131,137,91,6,67,1,16,11,8,1,2,2,102,6,131,9,2,67,1,2,2,2,1,92.0
89,163,176,16.0,154,107,86,4,18,1,13,9,9,1,2,2,84,158,154,31,2,92,1,2,2,2,2,140.5
136,233,253,8.0,34,58,27,3,26,1,21,7,6,12,2,2,2,76,34,8,2,55,1,2,2,2,2,82.0
90,165,178,6.0,9,9,8,2,9,5,2,2,4,1,2,2,7,150,9,5,2,11,2,2,2,2,2,84.5
92,167,180,19.0,139,13,14,5,18,4,13,9,3,1,2,2,85,110,139,9,2,92,2,2,2,2,2,134.5
1,234,254,6.0,209,16,9,5,7,1,5,3,5,1,2,2,95,122,209,7,2,92,2,2,2,2,2,164.5
137,235,255,2.0,210,140,133,5,85,4,53,13,1,1,2,2,56,123,210,3,2,85,2,2,2,2,2,44.0
91,166,179,15.0,156,109,106,4,37,1,21,7,13,1,2,2,65,161,156,2,2,92,2,2,2,2,1,93.5
18,236,256,19.0,64,20,51,7,30,1,15,7,5,1,2,2,22,5,64,8,2,70,1,2,2,2,2,109.0
138,237,257,1.0,211,125,134,1,3,1,21,7,5,79,2,2,80,116,211,6,2,90,2,2,2,2,2,149.5
139,238,258,8.0,212,33,68,3,53,1,11,3,5,1,2,2,102,150,212,17,2,72,2,2,2,2,1,65.5
17,239,259,8.0,213,71,131,3,48,4,16,11,5,1,2,2,64,58,213,26,2,90,1,2,2,2,1,124.5
140,240,260,15.0,5,8,5,4,5,1,5,3,5,3,2,2,3,162,5,7,2,70,1,2,2,2,2,114.0
96,241,261,12.0,214,141,135,1,59,7,7,6,5,80,2,2,108,111,214,21,2,84,1,2,2,2,2,49.0
94,165,182,6.0,9,9,8,2,9,5,2,2,4,1,2,2,7,150,9,5,2,11,2,2,2,2,2,84.5
5,242,262,10.0,215,142,33,1,86,1,20,7,3,81,2,2,111,109,215,8,2,86,2,2,2,2,1,71.0
141,243,263,11.0,131,39,91,6,67,1,16,11,8,1,2,2,16,31,131,9,2,67,2,2,2,2,2,101.0
1,33,35,8.0,34,27,27,3,26,1,21,7,6,12,2,2,28,32,34,7,2,55,1,2,2,2,2,107.0
1,31,33,16.0,32,26,25,5,25,1,13,9,5,11,2,2,67,30,32,9,2,25,1,2,2,2,1,112.5
93,168,181,12.0,157,16,9,5,53,1,9,7,10,59,2,2,86,105,157,7,2,72,1,2,2,2,2,181.0
121,244,264,10.0,216,18,26,2,87,4,21,7,11,82,2,2,77,93,216,12,2,87,1,2,2,2,2,61.0
95,169,183,17.0,158,15,15,4,3,1,9,7,1,60,2,2,106,51,158,7,2,90,1,2,2,2,2,205.0
142,245,265,18.0,217,143,136,6,88,1,23,15,8,1,2,2,56,22,217,13,2,88,2,2,2,2,2,103.5
143,246,266,11.0,131,137,91,6,67,1,16,11,8,1,2,2,23,109,131,9,2,67,2,2,2,2,1,63.0
144,247,267,24.0,218,144,137,2,69,4,20,7,8,83,2,2,7,73,218,15,2,71,2,2,2,2,1,62.5
18,248,268,8.0,219,145,138,1,18,1,2,2,5,1,2,2,102,26,219,7,2,92,1,2,2,2,1,94.5
96,170,184,11.0,159,110,107,3,33,1,44,22,3,1,2,2,88,111,159,7,2,64,2,2,2,2,1,48.5
145,249,269,8.0,135,31,94,3,3,1,13,9,6,53,2,2,82,124,135,9,2,90,1,2,2,2,1,154.5
97,171,185,15.0,160,111,108,3,56,5,2,2,1,1,2,2,89,106,160,6,2,74,2,2,2,2,2,21.5
146,250,270,10.0,220,146,26,1,1,4,54,6,4,1,2,2,41,36,220,38,2,57,1,2,2,2,1,87.0
98,172,186,28.0,161,112,109,1,29,1,45,15,3,1,2,2,55,107,161,12,2,85,2,2,2,2,2,52.5
18,251,271,9.0,221,5,5,1,44,1,11,3,5,84,2,2,65,150,221,5,2,68,1,2,2,2,1,64.5
147,252,272,31.0,222,147,139,5,29,4,13,9,7,1,2,2,30,141,222,7,2,85,2,2,2,2,1,111.5
148,253,273,10.0,15,13,12,2,15,4,13,9,8,7,2,2,98,125,15,9,2,15,2,2,2,2,1,154.5
99,124,187,26.0,124,55,87,1,2,9,41,18,5,1,2,2,19,144,124,21,2,2,2,2,2,2,2,124.0
17,254,274,19.0,114,18,26,5,7,1,8,3,1,1,2,2,102,10,114,12,2,92,1,2,2,2,1,128.5
149,255,275,10.0,223,148,140,1,61,5,2,2,3,1,2,2,103,39,223,11,2,61,2,2,2,2,2,31.5
100,173,188,8.0,162,113,110,1,24,7,2,2,4,1,2,2,77,150,162,7,2,24,2,2,2,2,2,64.0
101,174,189,24.0,163,114,111,2,32,1,46,8,8,61,2,2,90,161,163,32,2,51,1,2,2,2,2,98.0
19,19,41,14.0,19,16,9,4,3,1,15,7,5,1,2,2,89,19,19,7,2,90,2,2,2,2,2,142.5
150,256,276,12.0,224,5,141,2,89,4,13,9,8,85,2,2,100,13,224,5,2,89,1,2,2,2,2,137.0
18,85,277,15.0,20,17,16,1,17,7,16,11,4,1,2,2,30,26,20,11,2,68,1,2,2,2,2,99.0
103,175,191,6.0,164,67,112,1,74,1,45,15,5,1,2,2,117,61,164,25,2,74,2,2,2,2,2,54.0
17,257,278,19.0,225,149,142,3,2,1,21,7,6,1,2,2,84,126,225,9,2,2,1,2,2,2,2,139.5
18,258,279,2.0,226,78,54,5,34,1,20,7,7,1,2,2,94,8,226,2,2,34,2,2,2,2,2,109.0
151,259,280,6.0,48,18,39,2,36,1,16,11,8,19,2,2,104,127,48,12,2,36,1,2,2,2,2,254.0
152,260,281,15.0,227,93,9,5,14,6,13,9,5,86,2,2,117,4,227,7,2,46,2,2,2,2,2,73.0
104,176,192,21.0,165,78,75,5,73,1,13,9,7,1,2,2,117,36,165,2,2,84,2,2,2,2,1,81.0
102,153,190,11.0,146,115,100,3,19,7,2,2,3,1,2,2,82,99,146,33,2,52,2,2,2,2,2,27.5
153,261,282,18.0,217,150,136,6,88,1,23,15,8,1,2,2,102,107,217,26,2,88,2,2,2,2,1,99.5
154,262,283,6.0,228,151,143,1,86,1,16,11,4,1,2,2,105,128,228,18,2,86,2,2,2,2,2,45.5
105,263,284,23.0,229,51,89,4,24,1,8,3,7,1,2,2,106,129,229,23,2,24,1,2,2,2,2,122.5
155,264,285,12.0,82,18,26,6,12,4,31,6,6,1,2,2,55,158,82,12,2,12,1,2,2,2,1,140.0
156,265,286,9.0,86,152,65,6,32,7,32,17,6,32,2,2,4,41,86,8,2,51,2,2,2,2,2,77.5
157,266,287,6.0,230,13,14,7,68,1,55,23,5,1,2,2,107,130,230,9,2,68,2,2,2,2,1,26.5
158,267,288,18.0,217,150,136,6,88,1,23,15,8,1,2,2,3,131,217,26,2,88,2,2,2,2,1,117.5
159,268,289,28.0,231,42,53,1,42,1,13,9,1,1,2,2,65,132,231,7,2,46,2,2,2,2,2,70.5
160,269,290,24.0,232,16,9,4,11,1,21,7,7,1,2,2,102,90,232,7,2,11,2,2,2,2,1,61.5
161,270,291,15.0,233,153,144,3,30,1,13,9,5,1,2,2,72,133,233,5,2,70,2,2,2,2,1,70.0
162,271,292,15.0,233,154,144,3,30,1,13,9,5,1,2,2,111,106,233,22,2,70,2,2,2,2,1,80.0
163,272,293,2.0,234,155,145,3,51,1,16,11,3,1,2,2,41,6,234,9,2,51,2,2,2,2,1,90.0
164,273,294,27.0,235,13,146,8,29,1,22,14,5,1,2,2,53,30,235,9,2,85,2,2,2,2,1,120.0
165,274,295,26.0,124,55,87,1,2,9,41,18,5,1,2,2,4,1,124,21,2,2,2,2,2,2,1,73.5
1,46,49,1.0,47,38,38,1,2,6,5,3,5,1,2,2,56,42,47,3,2,2,1,2,2,2,1,91.0
1,41,44,17.0,42,33,33,8,29,1,15,7,5,1,2,2,93,10,42,17,2,85,2,2,2,2,1,155.0
166,275,296,11.0,131,39,91,6,67,1,16,11,8,1,2,2,108,129,131,9,2,67,1,2,2,2,1,129.5
167,276,297,15.0,26,5,5,2,20,4,13,9,8,1,2,2,109,134,26,5,2,20,2,2,2,2,1,167.5
168,277,298,1.0,236,156,147,3,27,4,7,6,6,87,2,2,65,135,236,25,2,86,2,2,2,2,1,60.0
21,278,299,12.0,150,105,104,4,10,1,31,6,1,1,2,2,46,136,150,7,2,10,1,2,2,2,1,180.0
169,180,300,1.0,169,5,5,3,37,1,39,20,2,64,2,2,72,150,169,5,2,92,2,2,2,2,1,65.0
47,279,301,13.0,237,157,148,6,50,1,21,7,6,88,2,2,96,137,237,26,2,70,1,2,2,2,2,112.5
44,90,302,22.0,238,5,5,5,3,1,12,8,3,89,2,2,102,106,238,5,2,90,1,2,2,2,1,87.5
170,280,303,6.0,48,51,39,2,36,1,16,11,8,19,2,2,52,107,48,23,2,36,1,2,2,2,1,51.5
171,281,304,16.0,239,158,149,4,90,1,37,3,10,1,2,2,8,111,239,7,2,90,2,2,2,2,1,51.0
172,282,305,18.0,240,39,150,2,91,1,7,6,8,1,2,2,65,95,240,9,2,91,1,2,2,2,1,62.5
173,283,306,2.0,241,159,151,1,69,4,2,2,5,1,2,2,85,106,241,27,2,71,2,2,2,2,2,100.0
18,56,307,19.0,242,10,68,4,79,1,20,7,5,1,2,2,41,46,242,8,2,79,1,2,2,2,2,85.0
174,284,308,12.0,243,160,152,5,14,1,21,7,5,1,2,2,107,138,243,3,2,46,1,2,2,2,2,122.0
175,62,309,12.0,244,18,153,1,16,1,15,7,3,1,2,2,105,81,244,12,2,79,1,2,2,2,2,66.5
176,285,310,16.0,245,161,154,3,37,1,43,6,5,1,2,2,117,76,245,20,2,92,2,2,2,2,1,70.5
47,286,311,16.0,246,125,121,4,3,1,3,3,10,1,2,2,102,33,246,6,2,90,1,2,2,2,2,138.5
177,287,312,2.0,119,39,85,3,63,1,8,3,3,48,2,2,19,107,119,9,2,63,2,2,2,2,1,107.5
178,288,313,1.0,247,13,14,1,7,4,13,9,1,1,2,2,38,54,247,9,2,92,2,2,2,2,2,120.5
179,176,314,21.0,165,78,75,5,73,1,13,9,7,1,2,2,117,36,165,2,2,84,2,2,2,2,2,81.0
180,245,315,18.0,217,143,136,6,88,1,23,15,8,1,2,2,56,22,217,13,2,88,2,2,2,2,2,103.5
105,177,193,2.0,166,18,26,3,8,4,47,12,2,62,2,2,22,30,166,12,2,46,2,2,2,2,2,107.5
181,289,316,15.0,248,16,155,3,53,1,9,7,5,90,2,2,61,139,248,7,2,72,1,2,2,2,1,162.0
182,290,317,8.0,34,27,27,3,26,1,21,7,6,12,2,2,105,14,34,7,2,55,1,2,2,2,1,68.5
183,291,318,2.0,249,162,5,2,46,4,16,11,11,91,2,2,19,30,249,18,2,46,2,2,2,2,1,110.5
23,45,48,10.0,46,37,37,2,35,4,24,15,8,18,2,2,2,41,46,12,2,35,2,2,2,2,2,81.0
17,40,43,13.0,41,18,26,3,31,4,6,5,2,15,2,2,89,37,41,12,2,86,1,2,2,2,1,130.0
184,292,319,10.0,250,163,156,5,29,6,16,11,3,1,2,2,14,162,250,36,2,85,1,2,2,2,1,115.5
185,100,320,1.0,4,4,4,3,4,3,4,4,4,2,2,2,65,76,4,4,2,96,2,2,2,2,2,80.5
186,293,321,7.0,251,164,157,1,54,1,43,6,3,1,2,2,56,95,251,36,2,61,2,2,2,2,1,43.0
187,294,322,19.0,252,13,14,5,44,4,13,9,5,1,2,2,100,140,252,9,2,68,2,2,2,2,1,140.0
188,295,323,27.0,235,13,146,8,29,1,22,14,5,1,2,2,89,21,235,9,2,85,2,2,2,2,2,120.0
189,296,324,24.0,253,49,158,6,92,1,16,11,11,92,2,2,79,14,253,21,2,92,2,2,2,2,1,66.5
190,297,325,16.0,254,16,77,4,42,1,28,3,9,1,2,2,91,68,254,7,2,46,1,2,2,2,2,94.5
191,298,326,1.0,4,12,4,3,4,3,4,4,4,2,2,2,100,45,4,4,2,96,2,2,2,2,2,119.0
192,299,327,9.0,255,75,159,2,24,7,2,2,8,93,2,2,82,141,255,28,2,24,2,2,2,2,2,25.0
193,300,328,21.0,256,122,160,6,6,4,26,6,2,1,2,2,110,142,256,32,2,11,2,2,2,2,1,13.5
194,301,329,6.0,48,18,39,2,36,1,16,11,8,19,2,2,93,143,48,12,2,36,1,2,2,2,2,194.5
195,302,330,12.0,206,138,132,3,84,7,11,3,4,77,2,2,105,1,206,6,2,84,1,2,2,2,1,71.5
196,303,331,10.0,257,125,121,1,29,9,41,18,5,1,2,2,28,35,257,6,2,85,1,2,2,2,2,105.5
197,304,332,18.0,217,150,136,6,88,1,23,15,8,1,2,2,111,76,217,26,2,88,2,2,2,2,1,74.0
198,305,333,10.0,258,40,130,2,93,4,1,1,8,1,2,2,117,128,258,19,2,93,2,2,2,2,1,62.5
199,306,334,13.0,259,157,161,3,32,7,11,3,4,94,2,2,65,144,259,26,2,51,2,2,2,2,2,65.5
200,307,335,11.0,260,165,162,3,86,1,5,3,5,1,2,2,73,113,260,10,2,86,1,2,2,2,1,161.5
201,82,336,31.0,261,166,163,3,44,2,13,9,3,95,2,2,105,7,261,21,2,68,2,2,2,2,1,72.5
47,308,337,12.0,262,16,9,4,7,4,21,7,10,1,2,2,102,145,262,7,2,92,1,2,2,2,1,139.0
47,309,338,12.0,157,16,9,5,53,1,9,7,10,59,2,2,53,158,157,7,2,72,2,2,2,2,2,136.5
202,310,339,1.0,169,5,5,3,37,1,39,20,2,64,2,2,1,133,169,5,2,92,1,2,2,2,2,74.5
203,311,340,18.0,217,150,136,6,88,1,23,15,8,1,2,2,102,133,217,26,2,88,2,2,2,2,1,80.5
1,50,54,8.0,36,1,29,6,27,4,13,9,6,1,2,2,4,43,36,1,2,86,1,2,2,2,1,75.5
1,52,56,16.0,53,43,44,4,40,1,20,7,5,22,2,2,52,44,53,20,2,96,1,2,2,2,2,143.5
1,312,341,17.0,263,167,59,4,9,1,1,1,10,1,2,2,22,161,263,8,2,11,1,2,2,2,2,101.0
18,232,252,11.0,131,137,91,6,67,1,16,11,8,1,2,2,102,6,131,9,2,67,1,2,2,2,1,92.0
135,4,251,1.0,4,4,4,3,4,3,4,4,4,2,2,2,4,4,4,4,2,96,1,2,2,2,2,76.5
89,163,176,16.0,154,107,86,4,18,1,13,9,9,1,2,2,84,158,154,31,2,92,1,2,2,2,2,140.5
1,313,342,11.0,264,168,5,2,94,4,42,6,8,1,2,2,90,22,264,10,2,94,2,2,2,2,1,116.5
204,314,343,16.0,265,16,20,1,34,6,21,7,5,1,2,2,112,146,265,7,2,34,1,2,2,2,2,232.5
1,315,344,8.0,266,16,9,4,40,1,15,7,5,1,2,2,100,141,266,7,2,96,1,2,2,2,2,120.5
136,233,253,8.0,34,58,27,3,26,1,21,7,6,12,2,2,2,76,34,8,2,55,1,2,2,2,2,82.0
90,165,178,6.0,9,9,8,2,9,5,2,2,4,1,2,2,7,150,9,5,2,11,2,2,2,2,2,84.5
1,316,345,21.0,267,169,164,2,53,4,20,7,5,1,2,2,76,147,267,7,2,72,1,2,2,2,2,153.0
1,317,346,2.0,268,45,46,1,7,1,9,7,5,1,2,2,84,45,268,7,2,92,1,2,2,2,2,127.0
1,318,347,16.0,269,170,165,4,3,1,21,7,5,1,2,2,102,12,269,7,2,90,1,2,2,2,1,85.5
1,319,348,20.0,270,171,166,3,68,4,29,3,6,1,2,2,54,132,270,5,2,68,1,2,2,2,1,76.5
1,320,349,8.0,271,5,9,3,54,6,36,10,4,96,2,2,90,119,271,5,2,61,1,2,2,2,2,128.0
18,321,350,9.0,62,172,50,7,29,1,28,3,13,1,2,2,2,130,62,21,2,85,1,2,2,2,1,91.5
92,167,180,19.0,139,13,14,5,18,4,13,9,3,1,2,2,85,110,139,9,2,92,2,2,2,2,2,134.5
1,234,254,6.0,209,16,9,5,7,1,5,3,5,1,2,2,95,122,209,7,2,92,2,2,2,2,2,164.5
91,166,179,15.0,156,109,106,4,37,1,21,7,13,1,2,2,65,161,156,2,2,92,2,2,2,2,1,93.5
137,235,255,2.0,210,140,133,5,85,4,53,13,1,1,2,2,56,123,210,3,2,85,2,2,2,2,2,44.0
138,237,257,1.0,211,125,134,1,3,1,21,7,5,79,2,2,80,116,211,6,2,90,2,2,2,2,2,149.5
139,238,258,8.0,212,33,68,3,53,1,11,3,5,1,2,2,102,150,212,17,2,72,2,2,2,2,1,65.5
18,236,256,19.0,64,20,51,7,30,1,15,7,5,1,2,2,22,5,64,8,2,70,1,2,2,2,2,109.0
138,322,351,10.0,272,15,15,3,51,6,21,7,1,97,2,2,110,148,272,7,2,51,1,2,2,2,2,177.0
1,323,36,16.0,35,58,28,5,3,1,1,1,3,1,2,2,3,107,35,8,2,90,1,2,2,2,1,107.0
1,51,55,17.0,52,173,43,1,14,1,15,7,5,21,2,2,9,18,52,7,2,46,1,2,2,2,1,154.5
1,324,352,15.0,273,173,167,7,29,1,56,24,12,1,2,2,67,8,273,7,2,85,1,2,2,2,2,113.5
17,239,259,8.0,213,71,131,3,48,4,16,11,5,1,2,2,64,58,213,26,2,90,1,2,2,2,1,124.5
1,52,353,29.0,274,174,168,7,29,1,13,9,5,98,2,2,52,44,274,7,2,85,1,2,2,2,1,143.5
1,325,354,12.0,275,16,2,7,29,1,20,7,12,1,2,2,106,30,275,7,2,85,1,2,2,2,2,113.5
1,326,355,2.0,276,167,54,2,26,4,1,1,8,1,2,2,94,161,276,8,2,55,1,2,2,2,2,101.5
205,327,356,11.0,277,5,169,2,19,6,57,15,2,99,2,2,7,109,277,5,2,52,2,2,2,2,1,73.0
1,328,357,8.0,278,5,85,2,40,4,8,3,2,100,2,2,41,60,278,5,2,96,1,2,2,2,2,80.5
1,291,358,27.0,279,5,170,8,29,1,22,14,5,1,2,2,19,30,279,5,2,85,1,2,2,2,2,110.5
140,240,260,15.0,5,8,5,4,5,1,5,3,5,3,2,2,3,162,5,7,2,70,1,2,2,2,2,114.0
1,257,359,8.0,280,175,171,4,29,1,58,25,13,1,2,2,84,126,280,7,2,85,1,2,2,2,2,139.5
1,329,360,24.0,281,5,172,7,11,1,20,7,5,1,2,2,68,110,281,5,2,11,1,2,2,2,1,145.5
1,330,361,15.0,282,5,5,5,53,1,43,6,3,101,2,2,2,20,282,5,2,72,2,2,2,2,1,87.0
1,331,362,14.0,283,176,173,5,41,1,7,6,1,1,2,2,22,114,283,9,2,101,2,2,2,2,1,100.5
206,332,363,1.0,284,5,174,2,72,4,15,7,8,102,2,2,89,149,284,5,2,72,1,2,2,2,1,147.0
18,333,364,10.0,285,5,5,5,95,1,16,11,3,103,2,2,94,85,285,5,2,95,1,2,2,2,1,110.5
96,241,261,12.0,214,141,135,1,59,7,7,6,5,80,2,2,108,111,214,21,2,84,1,2,2,2,2,49.0
1,334,365,7.0,286,177,175,4,29,1,8,3,13,1,2,2,98,56,286,9,2,85,1,2,2,2,2,94.0
17,335,366,13.0,287,5,5,3,34,4,15,7,4,104,2,2,90,73,287,5,2,34,1,2,2,2,2,123.5
94,165,182,6.0,9,9,8,2,9,5,2,2,4,1,2,2,7,150,9,5,2,11,2,2,2,2,2,84.5
5,242,262,10.0,215,142,33,1,86,1,20,7,3,81,2,2,111,109,215,8,2,86,2,2,2,2,1,71.0
207,260,367,15.0,63,178,46,2,39,4,21,7,5,1,2,2,117,4,63,14,2,71,2,2,2,2,2,73.0
141,243,263,11.0,131,39,91,6,67,1,16,11,8,1,2,2,16,31,131,9,2,67,2,2,2,2,2,101.0
93,168,181,12.0,157,16,9,5,53,1,9,7,10,59,2,2,86,105,157,7,2,72,1,2,2,2,2,181.0
1,49,53,10.0,51,42,42,2,39,4,1,1,8,1,2,2,3,22,51,7,2,71,2,2,2,2,1,109.5
21,42,45,10.0,43,34,34,2,32,4,20,7,8,16,2,2,34,38,43,4,2,51,1,2,2,2,1,184.5
208,336,368,12.0,288,5,5,5,9,1,15,7,5,1,2,2,93,33,288,5,2,11,1,2,2,2,2,165.0
121,244,264,10.0,216,18,26,2,87,4,21,7,11,82,2,2,77,93,216,12,2,87,1,2,2,2,2,61.0
95,169,183,17.0,158,15,15,4,3,1,9,7,1,60,2,2,106,51,158,7,2,90,1,2,2,2,2,205.0
5,337,369,18.0,289,5,5,3,42,10,52,18,3,1,2,2,77,135,289,5,2,46,1,2,2,2,1,59.5
142,245,265,18.0,217,143,136,6,88,1,23,15,8,1,2,2,56,22,217,13,2,88,2,2,2,2,2,103.5
144,247,267,24.0,218,144,137,2,69,4,20,7,8,83,2,2,7,73,218,15,2,71,2,2,2,2,1,62.5
143,246,266,11.0,131,137,91,6,67,1,16,11,8,1,2,2,23,109,131,9,2,67,2,2,2,2,1,63.0
5,338,370,11.0,290,5,5,7,96,1,2,2,10,105,2,2,111,14,290,5,2,96,2,2,2,2,1,66.0
18,248,268,8.0,219,145,138,1,18,1,2,2,5,1,2,2,102,26,219,7,2,92,1,2,2,2,1,94.5
1,50,371,14.0,291,5,5,4,14,1,33,18,5,106,2,2,4,43,291,5,2,46,1,2,2,2,2,75.5
53,339,372,15.0,292,66,176,1,97,4,1,1,3,107,2,2,94,2,292,8,2,97,1,2,2,2,2,87.0
209,264,373,12.0,224,179,141,2,89,4,13,9,8,85,2,2,55,158,224,2,2,89,1,2,2,2,1,140.0
1,340,374,10.0,293,68,54,5,42,1,20,7,7,1,2,2,11,150,293,2,2,46,1,2,2,2,1,86.0
17,341,375,19.0,294,45,46,7,14,1,9,7,5,1,2,2,71,15,294,7,2,46,1,2,2,2,2,116.5
145,249,269,8.0,135,31,94,3,3,1,13,9,6,53,2,2,82,124,135,9,2,90,1,2,2,2,1,154.5
146,250,270,10.0,220,146,26,1,1,4,54,6,4,1,2,2,41,36,220,38,2,57,1,2,2,2,1,87.0
96,170,184,11.0,159,110,107,3,33,1,44,22,3,1,2,2,88,111,159,7,2,64,2,2,2,2,1,48.5
18,342,376,2.0,295,70,177,1,37,1,20,7,6,108,2,2,54,23,295,6,2,92,1,2,2,2,1,80.0
97,171,185,15.0,160,111,108,3,56,5,2,2,1,1,2,2,89,106,160,6,2,74,2,2,2,2,2,21.5
98,172,186,28.0,161,112,109,1,29,1,45,15,3,1,2,2,55,107,161,12,2,85,2,2,2,2,2,52.5
210,343,377,10.0,51,8,42,2,39,4,1,1,8,1,2,2,113,38,51,7,2,71,1,2,2,2,2,173.0
18,344,378,8.0,296,74,178,1,23,1,13,9,5,109,2,2,50,93,296,27,2,23,1,2,2,2,2,68.5
211,345,379,19.0,297,5,5,3,52,1,42,6,5,1,2,2,114,151,297,5,2,52,2,2,2,2,2,172.0
24,5,50,6.0,48,39,39,2,36,1,16,11,8,19,2,2,5,5,48,9,2,36,1,2,2,2,2,114.5
212,346,380,12.0,224,179,141,2,89,4,13,9,8,85,2,2,2,161,224,2,2,89,2,2,2,2,2,95.0
213,347,381,9.0,86,180,65,6,32,7,32,17,6,32,2,2,111,152,86,9,2,51,1,2,2,2,1,69.5
18,251,271,9.0,221,5,5,1,44,1,11,3,5,84,2,2,65,150,221,5,2,68,1,2,2,2,1,64.5
147,252,272,31.0,222,147,139,5,29,4,13,9,7,1,2,2,30,141,222,7,2,85,2,2,2,2,1,111.5
1,348,382,15.0,298,5,5,1,53,1,59,25,5,110,2,2,6,26,298,5,2,72,1,2,2,2,1,97.5
148,253,273,10.0,15,13,12,2,15,4,13,9,8,7,2,2,98,125,15,9,2,15,2,2,2,2,1,154.5
99,124,187,26.0,124,55,87,1,2,9,41,18,5,1,2,2,19,144,124,21,2,2,2,2,2,2,2,124.0
1,349,383,2.0,299,5,179,5,11,1,2,2,5,111,2,2,90,152,299,5,2,11,1,2,2,2,2,95.0
17,254,274,19.0,114,18,26,5,7,1,8,3,1,1,2,2,102,10,114,12,2,92,1,2,2,2,1,128.5
210,350,384,9.0,300,16,9,1,42,6,15,7,5,112,2,2,93,153,300,7,2,46,2,2,2,2,1,194.0
1,351,385,8.0,301,5,5,5,8,4,5,3,5,1,2,2,116,32,301,5,2,46,1,2,2,2,1,104.5
149,255,275,10.0,223,148,140,1,61,5,2,2,3,1,2,2,103,39,223,11,2,61,2,2,2,2,2,31.5
214,352,386,14.0,33,71,26,5,7,1,20,7,5,1,2,2,71,2,33,26,2,92,1,2,2,2,1,85.5
215,353,387,14.0,122,107,86,2,29,7,40,21,5,1,2,2,88,115,122,31,2,85,2,2,2,2,1,50.0
18,354,388,18.0,173,181,115,3,23,4,48,10,8,65,2,2,49,137,173,7,2,23,1,2,2,2,1,113.0
216,229,389,12.0,302,13,180,2,98,4,13,9,8,113,2,2,94,6,302,9,2,98,2,2,2,2,2,90.5
17,355,390,13.0,303,80,77,4,7,1,21,7,5,114,2,2,115,154,303,7,2,92,1,2,2,2,1,153.0
217,356,391,6.0,304,182,181,3,51,4,8,3,2,115,2,2,85,54,304,7,2,51,2,2,2,2,1,123.5
218,357,392,12.0,305,5,5,5,3,1,9,7,10,1,2,2,105,111,305,5,2,90,2,2,2,2,2,47.0
100,173,188,8.0,162,113,110,1,24,7,2,2,4,1,2,2,77,150,162,7,2,24,2,2,2,2,2,64.0
219,358,393,15.0,306,8,20,2,58,4,21,7,11,116,2,2,96,118,306,7,2,58,1,2,2,2,1,162.0
150,256,276,12.0,224,5,141,2,89,4,13,9,8,85,2,2,100,13,224,5,2,89,1,2,2,2,2,137.0
101,174,189,24.0,163,114,111,2,32,1,46,8,8,61,2,2,90,161,163,32,2,51,1,2,2,2,2,98.0
1,48,52,10.0,50,41,41,2,38,4,17,11,8,20,2,2,5,15,50,5,2,58,1,2,2,2,1,115.0
17,359,37,8.0,36,183,29,6,27,4,13,9,6,1,2,2,100,155,36,11,2,86,1,2,2,2,1,133.5
18,85,277,15.0,20,17,16,1,17,7,16,11,4,1,2,2,30,26,20,11,2,68,1,2,2,2,2,99.0
103,175,191,6.0,164,67,112,1,74,1,45,15,5,1,2,2,117,61,164,25,2,74,2,2,2,2,2,54.0
47,258,394,9.0,307,184,89,3,79,1,2,2,5,1,2,2,94,8,307,32,2,79,2,2,2,2,1,109.0
18,258,279,2.0,226,78,54,5,34,1,20,7,7,1,2,2,94,8,226,2,2,34,2,2,2,2,2,109.0
17,257,278,19.0,225,149,142,3,2,1,21,7,6,1,2,2,84,126,225,9,2,2,1,2,2,2,2,139.5
151,259,280,6.0,48,18,39,2,36,1,16,11,8,19,2,2,104,127,48,12,2,36,1,2,2,2,2,254.0
53,360,395,9.0,308,5,5,3,99,1,21,7,5,117,2,2,63,93,308,5,2,99,1,2,2,2,1,125.0
220,361,396,1.0,30,13,23,2,24,4,13,9,8,1,2,2,3,135,30,9,2,24,1,2,2,2,2,106.5
152,260,281,15.0,227,93,9,5,14,6,13,9,5,86,2,2,117,4,227,7,2,46,2,2,2,2,2,73.0
104,176,192,21.0,165,78,75,5,73,1,13,9,7,1,2,2,117,36,165,2,2,84,2,2,2,2,1,81.0
102,153,190,11.0,146,115,100,3,19,7,2,2,3,1,2,2,82,99,146,33,2,52,2,2,2,2,2,27.5
153,261,282,18.0,217,150,136,6,88,1,23,15,8,1,2,2,102,107,217,26,2,88,2,2,2,2,1,99.5
154,262,283,6.0,228,151,143,1,86,1,16,11,4,1,2,2,105,128,228,18,2,86,2,2,2,2,2,45.5
221,362,397,10.0,28,22,21,6,22,4,16,11,11,1,2,2,55,156,28,9,2,22,2,2,2,2,2,54.0
105,263,284,23.0,229,51,89,4,24,1,8,3,7,1,2,2,106,129,229,23,2,24,1,2,2,2,2,122.5
134,363,398,24.0,309,89,182,3,56,6,15,7,3,118,2,2,116,157,309,3,2,74,2,2,2,2,1,37.5
222,364,399,1.0,169,5,5,3,37,1,39,20,2,64,2,2,108,73,169,5,2,92,1,2,2,2,1,53.5
155,264,285,12.0,82,18,26,6,12,4,31,6,6,1,2,2,55,158,82,12,2,12,1,2,2,2,1,140.0
156,265,286,9.0,86,152,65,6,32,7,32,17,6,32,2,2,4,41,86,8,2,51,2,2,2,2,2,77.5
157,266,287,6.0,230,13,14,7,68,1,55,23,5,1,2,2,107,130,230,9,2,68,2,2,2,2,1,26.5
158,267,288,18.0,217,150,136,6,88,1,23,15,8,1,2,2,3,131,217,26,2,88,2,2,2,2,1,117.5
159,268,289,28.0,231,42,53,1,42,1,13,9,1,1,2,2,65,132,231,7,2,46,2,2,2,2,2,70.5
161,270,291,15.0,233,153,144,3,30,1,13,9,5,1,2,2,72,133,233,5,2,70,2,2,2,2,1,70.0
160,269,290,24.0,232,16,9,4,11,1,21,7,7,1,2,2,102,90,232,7,2,11,2,2,2,2,1,61.5
162,271,292,15.0,233,154,144,3,30,1,13,9,5,1,2,2,111,106,233,22,2,70,2,2,2,2,1,80.0
1,58,63,16.0,60,48,49,4,44,1,21,7,7,1,2,2,65,41,60,22,2,68,1,2,2,2,1,79.5
223,365,400,16.0,310,15,15,1,9,1,21,7,3,1,2,2,99,100,310,7,2,11,1,2,2,2,1,168.0
163,272,293,2.0,234,155,145,3,51,1,16,11,3,1,2,2,41,6,234,9,2,51,2,2,2,2,1,90.0
164,273,294,27.0,235,13,146,8,29,1,22,14,5,1,2,2,53,30,235,9,2,85,2,2,2,2,1,120.0
44,366,401,12.0,311,16,9,4,7,4,21,7,5,1,2,2,79,140,311,7,2,92,1,2,2,2,2,138.5
224,367,402,11.0,312,185,183,2,48,4,13,9,2,119,2,2,5,142,312,21,2,90,2,2,2,2,2,111.5
225,368,403,11.0,131,39,91,6,67,1,16,11,8,1,2,2,52,60,131,9,2,67,2,2,2,2,1,68.5
226,369,404,12.0,302,13,180,2,98,4,13,9,8,113,2,2,117,20,302,9,2,98,2,2,2,2,2,84.5
47,370,405,19.0,181,122,9,3,42,4,9,7,3,67,2,2,103,135,181,32,2,46,1,2,2,2,2,102.5
165,274,295,26.0,124,55,87,1,2,9,41,18,5,1,2,2,4,1,124,21,2,2,2,2,2,2,1,73.5
227,371,406,11.0,313,36,59,1,72,7,32,17,1,1,2,2,41,114,313,18,2,72,1,2,2,2,2,93.5
228,372,407,9.0,62,186,50,7,29,1,28,3,13,1,2,2,64,10,62,21,2,85,2,2,2,2,1,127.5
229,1,408,14.0,122,107,86,2,29,7,40,21,5,1,2,2,1,1,122,31,2,85,2,2,2,2,2,72.0
166,275,296,11.0,131,39,91,6,67,1,16,11,8,1,2,2,108,129,131,9,2,67,1,2,2,2,1,129.5
230,373,409,18.0,314,187,184,3,56,1,23,15,4,120,2,2,93,27,314,31,2,74,1,2,2,2,1,47.0
231,180,410,1.0,315,188,185,1,9,6,59,25,5,1,2,2,72,150,315,19,2,11,1,2,2,2,1,65.0
168,277,298,1.0,236,156,147,3,27,4,7,6,6,87,2,2,65,135,236,25,2,86,2,2,2,2,1,60.0
167,276,297,15.0,26,5,5,2,20,4,13,9,8,1,2,2,109,134,26,5,2,20,2,2,2,2,1,167.5
169,180,300,1.0,169,5,5,3,37,1,39,20,2,64,2,2,72,150,169,5,2,92,2,2,2,2,1,65.0
44,374,411,15.0,25,20,19,1,14,1,15,7,3,10,2,2,90,6,25,8,2,46,1,2,2,2,2,94.0
44,90,302,22.0,238,5,5,5,3,1,12,8,3,89,2,2,102,106,238,5,2,90,1,2,2,2,1,87.5
47,375,412,15.0,25,189,19,1,14,1,15,7,3,10,2,2,16,161,25,8,2,46,1,2,2,2,2,97.0
47,279,301,13.0,237,157,148,6,50,1,21,7,6,88,2,2,96,137,237,26,2,70,1,2,2,2,2,112.5
232,376,413,11.0,131,39,91,6,67,1,16,11,8,1,2,2,91,40,131,9,2,67,2,2,2,2,1,91.5
170,280,303,6.0,48,51,39,2,36,1,16,11,8,19,2,2,52,107,48,23,2,36,1,2,2,2,1,51.5
233,5,414,1.0,30,13,23,2,24,4,13,9,8,1,2,2,5,5,30,9,2,24,2,2,2,2,2,114.5
1,53,58,13.0,55,5,5,5,11,1,8,3,10,1,2,2,38,45,55,5,2,11,1,2,2,2,2,115.0
234,377,415,9.0,62,128,50,7,29,1,28,3,13,1,2,2,111,132,62,21,2,85,1,2,2,2,2,74.0
171,281,304,16.0,239,158,149,4,90,1,37,3,10,1,2,2,8,111,239,7,2,90,2,2,2,2,1,51.0
173,283,306,2.0,241,159,151,1,69,4,2,2,5,1,2,2,85,106,241,27,2,71,2,2,2,2,2,100.0
235,225,416,1.0,30,13,23,2,24,4,13,9,8,1,2,2,100,37,30,9,2,24,2,2,2,2,2,121.0
236,378,417,23.0,98,16,9,5,42,1,21,7,3,40,2,2,85,73,98,7,2,46,2,2,2,2,2,121.5
172,282,305,18.0,240,39,150,2,91,1,7,6,8,1,2,2,65,95,240,9,2,91,1,2,2,2,1,62.5
237,379,418,27.0,316,13,186,9,29,11,22,14,14,1,2,2,53,31,316,9,2,85,2,2,2,2,1,117.5
174,284,308,12.0,243,160,152,5,14,1,21,7,5,1,2,2,107,138,243,3,2,46,1,2,2,2,2,122.0
18,56,307,19.0,242,10,68,4,79,1,20,7,5,1,2,2,41,46,242,8,2,79,1,2,2,2,2,85.0
18,380,419,2.0,317,190,187,1,37,1,20,7,1,1,2,2,77,158,317,27,2,92,1,2,2,2,2,60.5
21,278,299,12.0,150,105,104,4,10,1,31,6,1,1,2,2,46,136,150,7,2,10,1,2,2,2,1,180.0
176,285,310,16.0,245,161,154,3,37,1,43,6,5,1,2,2,117,76,245,20,2,92,2,2,2,2,1,70.5
133,381,420,6.0,70,10,10,3,48,1,1,1,6,1,2,2,38,73,70,8,2,90,1,2,2,2,2,118.5
175,62,309,12.0,244,18,153,1,16,1,15,7,3,1,2,2,105,81,244,12,2,79,1,2,2,2,2,66.5
177,287,312,2.0,119,39,85,3,63,1,8,3,3,48,2,2,19,107,119,9,2,63,2,2,2,2,1,107.5
47,286,311,16.0,246,125,121,4,3,1,3,3,10,1,2,2,102,33,246,6,2,90,1,2,2,2,2,138.5
179,176,314,21.0,165,78,75,5,73,1,13,9,7,1,2,2,117,36,165,2,2,84,2,2,2,2,2,81.0
238,382,421,1.0,318,191,188,3,35,1,16,11,2,121,2,2,72,156,318,12,2,35,1,2,2,2,1,58.5
105,177,193,2.0,166,18,26,3,8,4,47,12,2,62,2,2,22,30,166,12,2,46,2,2,2,2,2,107.5
178,288,313,1.0,247,13,14,1,7,4,13,9,1,1,2,2,38,54,247,9,2,92,2,2,2,2,2,120.5
239,383,422,12.0,157,16,9,5,53,1,9,7,10,59,2,2,117,159,157,7,2,72,1,2,2,2,2,63.5
180,245,315,18.0,217,143,136,6,88,1,23,15,8,1,2,2,56,22,217,13,2,88,2,2,2,2,2,103.5
240,384,423,17.0,319,29,189,6,69,4,21,7,6,122,2,2,103,8,319,7,2,71,1,2,2,2,1,107.0
18,385,424,10.0,320,167,190,6,29,4,1,1,2,1,2,2,30,142,320,8,2,85,1,2,2,2,2,105.5
18,386,425,20.0,321,42,53,1,90,1,16,11,4,123,2,2,50,46,321,7,2,90,2,2,2,2,2,83.0
181,289,316,15.0,248,16,155,3,53,1,9,7,5,90,2,2,61,139,248,7,2,72,1,2,2,2,1,162.0
182,290,317,8.0,34,27,27,3,26,1,21,7,6,12,2,2,105,14,34,7,2,55,1,2,2,2,1,68.5
183,291,318,2.0,249,162,5,2,46,4,16,11,11,91,2,2,19,30,249,18,2,46,2,2,2,2,1,110.5
184,292,319,10.0,250,163,156,5,29,6,16,11,3,1,2,2,14,162,250,36,2,85,1,2,2,2,1,115.5
241,146,426,24.0,322,192,191,1,55,4,13,9,5,124,2,2,71,163,322,7,2,55,2,2,2,2,1,87.5
185,100,320,1.0,4,4,4,3,4,3,4,4,4,2,2,2,65,76,4,4,2,96,2,2,2,2,2,80.5
186,293,321,7.0,251,164,157,1,54,1,43,6,3,1,2,2,56,95,251,36,2,61,2,2,2,2,1,43.0
187,294,322,19.0,252,13,14,5,44,4,13,9,5,1,2,2,100,140,252,9,2,68,2,2,2,2,1,140.0
242,387,427,15.0,26,13,5,2,20,4,13,9,8,1,2,2,118,118,26,9,2,20,2,2,2,2,2,172.0
188,295,323,27.0,235,13,146,8,29,1,22,14,5,1,2,2,89,21,235,9,2,85,2,2,2,2,2,120.0
189,296,324,24.0,253,49,158,6,92,1,16,11,11,92,2,2,79,14,253,21,2,92,2,2,2,2,1,66.5
243,192,428,24.0,322,192,191,1,55,4,13,9,5,124,2,2,6,35,322,7,2,55,2,2,2,2,1,100.0
190,297,325,16.0,254,16,77,4,42,1,28,3,9,1,2,2,91,68,254,7,2,46,1,2,2,2,2,94.5
228,388,429,14.0,323,16,9,1,11,1,2,2,5,1,2,2,119,160,323,7,2,11,1,2,2,2,1,221.5
191,298,326,1.0,4,12,4,3,4,3,4,4,4,2,2,2,100,45,4,4,2,96,2,2,2,2,2,119.0
18,389,430,8.0,324,18,26,5,16,1,8,3,1,1,2,2,102,114,324,12,2,79,1,2,2,2,2,95.5
194,301,329,6.0,48,18,39,2,36,1,16,11,8,19,2,2,93,143,48,12,2,36,1,2,2,2,2,194.5
192,299,327,9.0,255,75,159,2,24,7,2,2,8,93,2,2,82,141,255,28,2,24,2,2,2,2,2,25.0
193,300,328,21.0,256,122,160,6,6,4,26,6,2,1,2,2,110,142,256,32,2,11,2,2,2,2,1,13.5
244,390,431,6.0,325,168,5,3,1,1,38,6,6,1,2,2,76,148,325,10,2,57,1,2,2,2,1,173.0
196,303,331,10.0,257,125,121,1,29,9,41,18,5,1,2,2,28,35,257,6,2,85,1,2,2,2,2,105.5
195,302,330,12.0,206,138,132,3,84,7,11,3,4,77,2,2,105,1,206,6,2,84,1,2,2,2,1,71.5
197,304,332,18.0,217,150,136,6,88,1,23,15,8,1,2,2,111,76,217,26,2,88,2,2,2,2,1,74.0
198,305,333,10.0,258,40,130,2,93,4,1,1,8,1,2,2,117,128,258,19,2,93,2,2,2,2,1,62.5
199,306,334,13.0,259,157,161,3,32,7,11,3,4,94,2,2,65,144,259,26,2,51,2,2,2,2,2,65.5
1,56,61,1.0,58,46,47,2,43,4,27,8,11,23,2,2,41,46,58,21,2,74,1,2,2,2,2,85.0
210,391,432,12.0,224,179,141,2,89,4,13,9,8,85,2,2,98,83,224,2,2,89,1,2,2,2,1,147.5
200,307,335,11.0,260,165,162,3,86,1,5,3,5,1,2,2,73,113,260,10,2,86,1,2,2,2,1,161.5
18,392,433,10.0,326,193,192,2,100,7,2,2,6,1,2,2,117,161,326,8,2,100,2,2,2,2,1,81.0
201,82,336,31.0,261,166,163,3,44,2,13,9,3,95,2,2,105,7,261,21,2,68,2,2,2,2,1,72.5
47,308,337,12.0,262,16,9,4,7,4,21,7,10,1,2,2,102,145,262,7,2,92,1,2,2,2,1,139.0
47,309,338,12.0,157,16,9,5,53,1,9,7,10,59,2,2,53,158,157,7,2,72,2,2,2,2,2,136.5
127,393,434,9.0,327,5,5,5,7,1,9,7,5,1,2,2,117,150,327,5,2,92,1,2,2,2,1,83.0
245,394,435,7.0,328,13,14,4,85,6,11,3,13,125,2,2,19,49,328,9,2,85,2,2,2,2,1,121.0
202,310,339,1.0,169,5,5,3,37,1,39,20,2,64,2,2,1,133,169,5,2,92,1,2,2,2,2,74.5
246,89,436,30.0,329,16,9,1,37,1,60,8,5,1,2,2,41,106,329,7,2,92,2,2,2,2,1,85.5
203,311,340,18.0,217,150,136,6,88,1,23,15,8,1,2,2,102,133,217,26,2,88,2,2,2,2,1,80.5
247,395,437,7.0,328,13,14,4,85,6,11,3,13,125,2,2,91,51,328,9,2,85,2,2,2,2,2,167.5
248,396,438,26.0,124,55,87,1,2,9,41,18,5,1,2,2,6,15,124,21,2,2,1,2,2,2,2,107.5
249,397,439,2.0,330,12,7,1,101,7,50,21,7,1,2,2,105,123,330,4,2,101,2,2,2,2,1,44.5
250,398,440,6.0,331,194,2,3,102,1,2,2,4,126,2,2,49,159,331,2,2,102,2,2,2,2,2,107.5
251,119,441,27.0,235,13,146,8,29,1,22,14,5,1,2,2,9,85,235,9,2,85,2,2,2,2,2,132.5
127,347,442,10.0,332,49,193,5,55,1,2,2,4,1,2,2,111,152,332,21,2,55,2,2,2,2,1,69.5
252,38,443,8.0,134,195,20,2,70,4,21,7,8,52,2,2,56,35,134,7,2,70,1,2,2,2,2,98.5
253,399,444,21.0,165,78,75,5,73,1,13,9,7,1,2,2,79,36,165,2,2,84,2,2,2,2,1,80.5
254,400,445,1.0,333,196,194,4,7,1,13,9,10,1,2,2,116,162,333,9,2,92,2,2,2,2,1,37.0
255,85,446,10.0,258,197,130,2,93,4,1,1,8,1,2,2,30,26,258,2,2,93,1,2,2,2,2,99.0
256,401,447,1.0,247,13,14,1,7,4,13,9,1,1,2,2,56,90,247,9,2,92,2,2,2,2,1,96.5
257,402,448,6.0,48,39,39,2,36,1,16,11,8,19,2,2,55,163,48,9,2,36,2,2,2,2,2,53.0
258,403,449,21.0,334,80,77,7,11,1,15,7,5,1,2,2,6,31,334,7,2,11,2,2,2,2,2,103.0
26,54,59,1.0,56,45,46,1,42,4,26,6,1,1,2,2,55,13,56,7,2,46,2,2,2,2,2,139.5
27,55,60,1.0,57,4,4,3,4,3,4,4,4,2,2,2,117,14,57,4,2,96,2,2,2,2,2,67.0
144,247,267,24.0,218,144,137,2,69,4,20,7,8,83,2,2,7,73,218,15,2,71,2,2,2,2,1,62.5
259,404,450,12.0,224,179,141,2,89,4,13,9,8,85,2,2,41,68,224,2,2,89,2,2,2,2,2,92.0
5,338,370,11.0,290,5,5,7,96,1,2,2,10,105,2,2,111,14,290,5,2,96,2,2,2,2,1,66.0
18,248,268,8.0,219,145,138,1,18,1,2,2,5,1,2,2,102,26,219,7,2,92,1,2,2,2,1,94.5
1,405,451,11.0,260,165,162,3,86,1,5,3,5,1,2,2,106,123,260,10,2,86,1,2,2,2,1,114.0
1,50,371,14.0,291,5,5,4,14,1,33,18,5,106,2,2,4,43,291,5,2,46,1,2,2,2,2,75.5
1,406,452,8.0,335,53,195,7,29,10,52,18,13,1,2,2,6,152,335,20,2,85,2,2,2,2,1,96.0
53,339,372,15.0,292,66,176,1,97,4,1,1,3,107,2,2,94,2,292,8,2,97,1,2,2,2,2,87.0
1,340,374,10.0,293,68,54,5,42,1,20,7,7,1,2,2,11,150,293,2,2,46,1,2,2,2,1,86.0
17,341,375,19.0,294,45,46,7,14,1,9,7,5,1,2,2,71,15,294,7,2,46,1,2,2,2,2,116.5
145,249,269,8.0,135,31,94,3,3,1,13,9,6,53,2,2,82,124,135,9,2,90,1,2,2,2,1,154.5
96,170,184,11.0,159,110,107,3,33,1,44,22,3,1,2,2,88,111,159,7,2,64,2,2,2,2,1,48.5
146,250,270,10.0,220,146,26,1,1,4,54,6,4,1,2,2,41,36,220,38,2,57,1,2,2,2,1,87.0
18,342,376,2.0,295,70,177,1,37,1,20,7,6,108,2,2,54,23,295,6,2,92,1,2,2,2,1,80.0
97,171,185,15.0,160,111,108,3,56,5,2,2,1,1,2,2,89,106,160,6,2,74,2,2,2,2,2,21.5
210,343,377,10.0,51,8,42,2,39,4,1,1,8,1,2,2,113,38,51,7,2,71,1,2,2,2,2,173.0
98,172,186,28.0,161,112,109,1,29,1,45,15,3,1,2,2,55,107,161,12,2,85,2,2,2,2,2,52.5
18,344,378,8.0,296,74,178,1,23,1,13,9,5,109,2,2,50,93,296,27,2,23,1,2,2,2,2,68.5
212,346,380,12.0,224,179,141,2,89,4,13,9,8,85,2,2,2,161,224,2,2,89,2,2,2,2,2,95.0
213,347,381,9.0,86,180,65,6,32,7,32,17,6,32,2,2,111,152,86,9,2,51,1,2,2,2,1,69.5
17,33,57,19.0,54,44,45,5,41,6,25,16,5,1,2,2,28,32,54,18,2,101,1,2,2,2,2,107.0
32,65,70,12.0,67,54,54,1,3,1,20,7,3,25,2,2,67,22,67,8,2,90,1,2,2,2,2,112.0
1,407,453,2.0,336,33,196,4,23,1,8,3,10,1,2,2,103,152,336,17,2,23,1,2,2,2,2,96.5
147,252,272,31.0,222,147,139,5,29,4,13,9,7,1,2,2,30,141,222,7,2,85,2,2,2,2,1,111.5
148,253,273,10.0,15,13,12,2,15,4,13,9,8,7,2,2,98,125,15,9,2,15,2,2,2,2,1,154.5
1,349,383,2.0,299,5,179,5,11,1,2,2,5,111,2,2,90,152,299,5,2,11,1,2,2,2,2,95.0
1,348,382,15.0,298,5,5,1,53,1,59,25,5,110,2,2,6,26,298,5,2,72,1,2,2,2,1,97.5
17,254,274,19.0,114,18,26,5,7,1,8,3,1,1,2,2,102,10,114,12,2,92,1,2,2,2,1,128.5
99,124,187,26.0,124,55,87,1,2,9,41,18,5,1,2,2,19,144,124,21,2,2,2,2,2,2,2,124.0
210,350,384,9.0,300,16,9,1,42,6,15,7,5,112,2,2,93,153,300,7,2,46,2,2,2,2,1,194.0
149,255,275,10.0,223,148,140,1,61,5,2,2,3,1,2,2,103,39,223,11,2,61,2,2,2,2,2,31.5
215,353,387,14.0,122,107,86,2,29,7,40,21,5,1,2,2,88,115,122,31,2,85,2,2,2,2,1,50.0
1,351,385,8.0,301,5,5,5,8,4,5,3,5,1,2,2,116,32,301,5,2,46,1,2,2,2,1,104.5
1,408,454,13.0,337,74,169,5,26,1,20,7,1,1,2,2,90,144,337,27,2,55,1,2,2,2,1,69.5
1,409,455,26.0,338,198,177,2,23,1,41,18,5,1,2,2,108,123,338,7,2,23,1,2,2,2,2,121.0
214,352,386,14.0,33,71,26,5,7,1,20,7,5,1,2,2,71,2,33,26,2,92,1,2,2,2,1,85.5
18,354,388,18.0,173,181,115,3,23,4,48,10,8,65,2,2,49,137,173,7,2,23,1,2,2,2,1,113.0
260,410,456,1.0,339,16,174,5,8,6,23,15,7,1,2,2,49,161,339,7,2,46,1,2,2,2,2,103.0
216,229,389,12.0,302,13,180,2,98,4,13,9,8,113,2,2,94,6,302,9,2,98,2,2,2,2,2,90.5
17,355,390,13.0,303,80,77,4,7,1,21,7,5,114,2,2,115,154,303,7,2,92,1,2,2,2,1,153.0
261,411,457,9.0,86,65,65,6,32,7,32,17,6,32,2,2,19,32,86,8,2,51,1,2,2,2,1,106.5
17,412,458,17.0,340,199,197,4,11,1,21,7,5,1,2,2,9,30,340,16,2,11,2,2,2,2,1,130.0
217,356,391,6.0,304,182,181,3,51,4,8,3,2,115,2,2,85,54,304,7,2,51,2,2,2,2,1,123.5
262,26,459,13.0,287,5,5,3,34,4,15,7,4,104,2,2,2,106,287,5,2,34,2,2,2,2,1,86.5
100,173,188,8.0,162,113,110,1,24,7,2,2,4,1,2,2,77,150,162,7,2,24,2,2,2,2,2,64.0
218,357,392,12.0,305,5,5,5,3,1,9,7,10,1,2,2,105,111,305,5,2,90,2,2,2,2,2,47.0
219,358,393,15.0,306,8,20,2,58,4,21,7,11,116,2,2,96,118,306,7,2,58,1,2,2,2,1,162.0
209,264,373,12.0,224,179,141,2,89,4,13,9,8,85,2,2,55,158,224,2,2,89,1,2,2,2,1,140.0
1,413,460,2.0,341,200,198,4,29,1,20,7,13,1,2,2,102,36,341,4,2,85,2,2,2,2,2,89.0
101,174,189,24.0,163,114,111,2,32,1,46,8,8,61,2,2,90,161,163,32,2,51,1,2,2,2,2,98.0
150,256,276,12.0,224,5,141,2,89,4,13,9,8,85,2,2,100,13,224,5,2,89,1,2,2,2,2,137.0
18,85,277,15.0,20,17,16,1,17,7,16,11,4,1,2,2,30,26,20,11,2,68,1,2,2,2,2,99.0
103,175,191,6.0,164,67,112,1,74,1,45,15,5,1,2,2,117,61,164,25,2,74,2,2,2,2,2,54.0
47,258,394,9.0,307,184,89,3,79,1,2,2,5,1,2,2,94,8,307,32,2,79,2,2,2,2,1,109.0
18,258,279,2.0,226,78,54,5,34,1,20,7,7,1,2,2,94,8,226,2,2,34,2,2,2,2,2,109.0
17,257,278,19.0,225,149,142,3,2,1,21,7,6,1,2,2,84,126,225,9,2,2,1,2,2,2,2,139.5
151,259,280,6.0,48,18,39,2,36,1,16,11,8,19,2,2,104,127,48,12,2,36,1,2,2,2,2,254.0
53,360,395,9.0,308,5,5,3,99,1,21,7,5,117,2,2,63,93,308,5,2,99,1,2,2,2,1,125.0
220,361,396,1.0,30,13,23,2,24,4,13,9,8,1,2,2,3,135,30,9,2,24,1,2,2,2,2,106.5
102,153,190,11.0,146,115,100,3,19,7,2,2,3,1,2,2,82,99,146,33,2,52,2,2,2,2,2,27.5
152,260,281,15.0,227,93,9,5,14,6,13,9,5,86,2,2,117,4,227,7,2,46,2,2,2,2,2,73.0
104,176,192,21.0,165,78,75,5,73,1,13,9,7,1,2,2,117,36,165,2,2,84,2,2,2,2,1,81.0
1,60,65,9.0,62,49,50,7,29,1,28,3,13,1,2,2,72,49,62,21,2,85,1,2,2,2,2,128.5
153,261,282,18.0,217,150,136,6,88,1,23,15,8,1,2,2,102,107,217,26,2,88,2,2,2,2,1,99.5
263,414,461,15.0,342,93,24,1,42,1,13,9,5,127,2,2,71,90,342,7,2,46,2,2,2,2,1,92.0
154,262,283,6.0,228,151,143,1,86,1,16,11,4,1,2,2,105,128,228,18,2,86,2,2,2,2,2,45.5
105,263,284,23.0,229,51,89,4,24,1,8,3,7,1,2,2,106,129,229,23,2,24,1,2,2,2,2,122.5
134,363,398,24.0,309,89,182,3,56,6,15,7,3,118,2,2,116,157,309,3,2,74,2,2,2,2,1,37.5
221,362,397,10.0,28,22,21,6,22,4,16,11,11,1,2,2,55,156,28,9,2,22,2,2,2,2,2,54.0
222,364,399,1.0,169,5,5,3,37,1,39,20,2,64,2,2,108,73,169,5,2,92,1,2,2,2,1,53.5
155,264,285,12.0,82,18,26,6,12,4,31,6,6,1,2,2,55,158,82,12,2,12,1,2,2,2,1,140.0
156,265,286,9.0,86,152,65,6,32,7,32,17,6,32,2,2,4,41,86,8,2,51,2,2,2,2,2,77.5
157,266,287,6.0,230,13,14,7,68,1,55,23,5,1,2,2,107,130,230,9,2,68,2,2,2,2,1,26.5
158,267,288,18.0,217,150,136,6,88,1,23,15,8,1,2,2,3,131,217,26,2,88,2,2,2,2,1,117.5
159,268,289,28.0,231,42,53,1,42,1,13,9,1,1,2,2,65,132,231,7,2,46,2,2,2,2,2,70.5
160,269,290,24.0,232,16,9,4,11,1,21,7,7,1,2,2,102,90,232,7,2,11,2,2,2,2,1,61.5
162,271,292,15.0,233,154,144,3,30,1,13,9,5,1,2,2,111,106,233,22,2,70,2,2,2,2,1,80.0
161,270,291,15.0,233,153,144,3,30,1,13,9,5,1,2,2,72,133,233,5,2,70,2,2,2,2,1,70.0
164,273,294,27.0,235,13,146,8,29,1,22,14,5,1,2,2,53,30,235,9,2,85,2,2,2,2,1,120.0
163,272,293,2.0,234,155,145,3,51,1,16,11,3,1,2,2,41,6,234,9,2,51,2,2,2,2,1,90.0
264,415,462,17.0,202,45,46,7,53,1,52,18,5,1,2,2,3,8,202,7,2,72,1,2,2,2,1,111.0
44,366,401,12.0,311,16,9,4,7,4,21,7,5,1,2,2,79,140,311,7,2,92,1,2,2,2,2,138.5
225,368,403,11.0,131,39,91,6,67,1,16,11,8,1,2,2,52,60,131,9,2,67,2,2,2,2,1,68.5
18,416,463,12.0,343,16,9,5,11,1,9,7,3,128,2,2,94,36,343,7,2,11,1,2,2,2,1,87.5
224,367,402,11.0,312,185,183,2,48,4,13,9,2,119,2,2,5,142,312,21,2,90,2,2,2,2,2,111.5
226,369,404,12.0,302,13,180,2,98,4,13,9,8,113,2,2,117,20,302,9,2,98,2,2,2,2,2,84.5
47,370,405,19.0,181,122,9,3,42,4,9,7,3,67,2,2,103,135,181,32,2,46,1,2,2,2,2,102.5
165,274,295,26.0,124,55,87,1,2,9,41,18,5,1,2,2,4,1,124,21,2,2,2,2,2,2,1,73.5
228,372,407,9.0,62,186,50,7,29,1,28,3,13,1,2,2,64,10,62,21,2,85,2,2,2,2,1,127.5
227,371,406,11.0,313,36,59,1,72,7,32,17,1,1,2,2,41,114,313,18,2,72,1,2,2,2,2,93.5
